player           ID,season  ID,match    ID,match date,home/away?,win/loss?,player style,player L/R?,opp    style,opp L/R?,player sets,opp. sets,game ID,player games,opp. games,server,point ID,player point,opp. point,serve result,serve location,return: cross/line,result,point winner,shot type,fore/back,cross/line,point length,error  pos.,comments
Hermehr Kaur,,,2018-01-26,HOME,Win,,R,,R,0,0,,0,0,O,,0,0,F,B,C,U,P,T,F,C,S,N,2nd Match on Court 2
,,,,,,,,,,0,0,,0,0,O,,1,0,D,,,D,P,,,,S,,
,,,,,,,,,,0,0,,0,0,O,,2,0,F,B,C,F,P,T,F,L,M,N,
,,,,,,,,,,0,0,,0,0,O,,3,0,F,B,L,U,O,T,F,C,M,L,
,,,,,,,,,,0,0,,0,0,O,,3,1,D,,,D,P,,,,S,,
,,,,,,,,,,0,0,,1,0,P,,0,0,F,C,,A,P,,,,S,,
,,,,,,,,,,0,0,,1,0,P,,1,0,F,W,C,W,P,T,F,L,S,,
,,,,,,,,,,0,0,,1,0,P,,2,0,F,W,,A,P,,,,S,,
,,,,,,,,,,0,0,,1,0,P,,3,0,S,W,C,U,P,T,F,L,S,L,
,,,,,,,,,,0,0,,2,0,O,,0,0,F,W,C,F,O,S,B,C,L,N,
,,,,,,,,,,0,0,,2,0,O,,0,1,F,C,C,U,O,T,F,L,M,W,
,,,,,,,,,,0,0,,2,0,O,,0,2,D,,,D,P,,,,S,,
,,,,,,,,,,0,0,,2,0,O,,1,2,F,B,C,U,P,T,B,L,M,L,
,,,,,,,,,,0,0,,2,0,O,,2,2,S,W,C,U,P,T,F,C,M,L,
,,,,,,,,,,0,0,,2,0,O,,3,2,D,,,D,P,,,,S,,
,,,,,,,,,,0,0,,3,0,P,,0,0,S,B,C,U,O,S,F,L,L,N,
,,,,,,,,,,0,0,,3,0,P,,0,1,S,W,C,U,P,T,F,C,S,L,
,,,,,,,,,,0,0,,3,0,P,,1,1,S,B,C,U,P,T,F,C,M,W,
,,,,,,,,,,0,0,,3,0,P,,2,1,F,W,C,W,P,T,F,C,M,,
,,,,,,,,,,0,0,,3,0,P,,3,1,S,B,C,U,P,T,F,C,M,L,
,,,,,,,,,,0,0,,4,0,O,,0,0,F,B,C,U,O,T,F,L,L,L,
,,,,,,,,,,0,0,,4,0,O,,0,1,S,B,L,U,P,T,F,L,S,N,
,,,,,,,,,,0,0,,4,0,O,,1,1,D,,,D,P,,,,S,,
,,,,,,,,,,0,0,,4,0,O,,2,1,F,B,C,U,P,T,B,C,M,W,
,,,,,,,,,,0,0,,4,0,O,,3,1,F,W,C,W,P,T,F,C,M,,
,,,,,,,,,,0,0,,5,0,P,,0,0,S,B,C,U,P,T,F,L,M,L,
,,,,,,,,,,0,0,,5,0,P,,1,0,S,W,N,F,P,T,B,C,S,L,
,,,,,,,,,,0,0,,5,0,P,,2,0,S,B,C,U,P,T,F,C,M,N,
,,,,,,,,,,0,0,,5,0,P,,3,0,S,B,C,U,P,T,F,C,M,N,
,,,,,,,,,,1,0,,0,0,O,,0,0,D,,,D,P,,,,S,,
,,,,,,,,,,1,0,,0,0,O,,1,0,S,C,L,F,P,T,F,L,S,L,
,,,,,,,,,,1,0,,0,0,O,,2,0,D,,,D,P,,,,S,,
,,,,,,,,,,1,0,,0,0,O,,3,0,F,B,C,F,O,T,F,C,M,W,
,,,,,,,,,,1,0,,0,0,O,,3,1,F,W,N,F,O,T,F,C,S,N,
,,,,,,,,,,1,0,,0,0,O,,3,2,S,B,C,F,P,T,F,C,M,L,
,,,,,,,,,,1,0,,1,0,P,,0,0,F,W,N,F,P,S,F,C,S,N,
,,,,,,,,,,1,0,,1,0,P,,1,0,S,W,C,U,O,T,F,C,S,N,
,,,,,,,,,,1,0,,1,0,P,,1,1,F,W,C,U,P,T,F,L,M,N,
,,,,,,,,,,1,0,,1,0,P,,2,1,F,W,C,U,O,T,F,L,M,L,
,,,,,,,,,,1,0,,1,0,P,,2,2,F,W,,A,P,,,,S,,
,,,,,,,,,,1,0,,1,0,P,,3,2,F,W,,A,P,,,,S,,
,,,,,,,,,,1,0,,2,0,O,,0,0,D,,,D,P,,,,S,,
,,,,,,,,,,1,0,,2,0,O,,1,0,S,C,C,W,P,T,F,L,M,,
,,,,,,,,,,1,0,,2,0,O,,2,0,F,W,C,U,P,T,F,C,M,L,
,,,,,,,,,,1,0,,2,0,O,,3,0,F,C,C,W,P,T,F,C,M,,
,,,,,,,,,,1,0,,3,0,P,,0,0,F,W,C,F,P,S,F,C,S,L,
,,,,,,,,,,1,0,,3,0,P,,1,0,F,B,C,U,O,V,F,C,M,N,
,,,,,,,,,,1,0,,3,0,P,,1,1,D,,,D,O,,,,S,,
,,,,,,,,,,1,0,,3,0,P,,1,2,D,,,D,O,,,,S,,
,,,,,,,,,,1,0,,3,0,P,,1,3,S,B,C,W,O,V,F,C,M,,
,,,,,,,,,,1,0,,3,1,O,,0,0,F,W,N,F,O,S,F,C,S,N,
,,,,,,,,,,1,0,,3,1,O,,0,1,F,B,C,U,O,T,F,C,M,W,
,,,,,,,,,,1,0,,3,1,O,,0,2,D,,,D,P,,,,S,,
,,,,,,,,,,1,0,,3,1,O,,1,2,F,B,C,W,P,T,F,L,M,,
,,,,,,,,,,1,0,,3,1,O,,2,2,D,,,D,P,,,,S,,
,,,,,,,,,,1,0,,3,1,O,,3,2,F,B,C,W,P,T,F,L,M,,
,,,,,,,,,,1,0,,4,1,P,,0,0,S,B,L,F,P,V,F,L,M,W,
,,,,,,,,,,1,0,,4,1,P,,1,0,S,W,N,F,P,T,B,C,S,N,
,,,,,,,,,,1,0,,4,1,P,,2,0,F,C,C,W,P,T,F,C,S,,
,,,,,,,,,,1,0,,4,1,P,,3,0,S,C,N,U,P,T,F,C,S,L,
,,,,,,,,,,1,0,,5,1,O,,0,0,F,W,N,F,O,T,F,C,S,N,
,,,,,,,,,,1,0,,5,1,O,,0,1,D,,,D,P,,,,S,,
,,,,,,,,,,1,0,,5,1,O,,1,1,F,W,L,U,O,T,F,L,M,N,
,,,,,,,,,,1,0,,5,1,O,,1,2,F,B,N,F,O,S,B,C,S,N,
,,,,,,,,,,1,0,,5,1,O,,1,3,F,W,N,F,O,T,F,C,S,N,
,,,,,,,,,,1,0,,5,2,P,,0,0,S,B,C,F,P,S,F,L,L,L,
,,,,,,,,,,1,0,,5,2,P,,1,0,F,C,N,F,P,S,F,C,S,L,
,,,,,,,,,,1,0,,5,2,P,,2,0,D,,,D,O,,,,S,,
,,,,,,,,,,1,0,,5,2,P,,2,1,F,W,N,F,P,S,B,C,S,N,
,,,,,,,,,,1,0,,5,2,P,,3,1,F,C,L,U,O,S,B,C,S,W,
,,,,,,,,,,1,0,,5,2,P,,3,2,S,B,N,F,P,T,B,C,S,L,
Kate Cusick,,,2018-01-26,H,W,,,,,0,0,,0,0,P,,0,0,F,B,C,U,P,T,F,C,S,,
,,,,,,,,,,0,0,,0,0,P,,1,1,F,B,C,U,P,T,F,C,S,,
,,,,,,,,,,0,0,,0,0,P,,2,2,F,B,C,U,P,T,B,C,S,,
,,,,,,,,,,0,0,,0,0,P,,3,2,S,C,C,U,P,T,F,L,S,,
,,,,,,,,,,0,0,,1,0,O,,0,0,F,C,C,U,O,T,F,C,S,,Missed the next point
,,,,,,,,,,0,0,,1,0,O,,1,1,S,W,C,U,O,S,B,C,S,,
,,,,,,,,,,0,0,,1,0,O,,1,2,F,B,C,U,P,T,B,C,S,,
,,,,,,,,,,0,0,,1,0,O,,2,2,F,B,L,U,O,T,F,C,S,,
,,,,,,,,,,0,0,,1,0,O,,2,3,D,,,D,P,,,,,,
,,,,,,,,,,0,0,,1,0,O,,3,3,F,B,C,U,O,S,B,L,S,,
,,,,,,,,,,0,0,,1,1,P,,0,0,F,B,C,U,P,T,F,C,S,,
,,,,,,,,,,0,0,,1,1,P,,1,0,S,W,L,U,O,T,B,C,S,,
,,,,,,,,,,0,0,,1,1,P,,1,1,F,B,C,U,P,T,B,C,S,,
,,,,,,,,,,0,0,,1,1,P,,2,1,S,B,C,U,O,T,F,L,S,,
,,,,,,,,,,0,0,,1,1,P,,2,2,F,B,C,U,P,T,F,C,S,N,
,,,,,,,,,,0,0,,1,1,P,,3,2,F,B,L,F,P,T,F,L,S,W,
,,,,,,,,,,0,0,,2,1,O,,0,0,F,C,C,U,O,T,B,C,M,L,
,,,,,,,,,,0,0,,2,1,O,,0,1,F,B,C,U,O,T,B,C,S,L,
,,,,,,,,,,0,0,,2,1,O,,0,2,F,B,C,U,P,T,B,C,S,L,
,,,,,,,,,,0,0,,2,1,O,,1,2,F,B,C,F,P,T,F,L,S,L,
,,,,,,,,,,0,0,,2,1,O,,2,2,S,B,C,U,P,T,B,C,S,W,
,,,,,,,,,,0,0,,2,1,O,,3,2,F,B,C,U,P,T,B,C,M,L,
,,,,,,,,,,0,0,,3,1,P,,0,0,F,B,C,U,O,V,F,C,M,L,
,,,,,,,,,,0,0,,3,1,P,,0,1,S,W,,A,P,,,,S,,
,,,,,,,,,,0,0,,3,1,P,,1,1,F,B,C,F,P,T,B,C,S,,
,,,,,,,,,,0,0,,3,1,P,,2,1,F,C,C,W,P,T,F,C,S,,
,,,,,,,,,,0,0,,3,1,P,,3,1,F,B,L,F,P,T,F,L,S,L,
,,,,,,,,,,0,0,,4,1,O,,0,0,F,B,C,F,P,T,B,C,S,W,
,,,,,,,,,,0,0,,4,1,O,,1,0,F,W,C,U,P,T,B,C,M,N,
,,,,,,,,,,0,0,,4,1,O,,2,0,F,C,C,U,O,T,B,C,S,N,
,,,,,,,,,,0,0,,4,1,O,,2,1,F,B,L,U,O,T,F,C,M,N,
,,,,,,,,,,0,0,,4,1,O,,2,2,F,W,L,F,O,T,F,L,S,W,
,,,,,,,,,,0,0,,4,1,O,,2,3,S,B,C,F,O,T,B,C,S,N,
,,,,,,,,,,0,0,,4,2,P,,0,0,F,C,C,W,P,T,B,C,S,,
,,,,,,,,,,0,0,,4,2,P,,2,0,F,B,,A,P,,,,,,
,,,,,,,,,,0,0,,4,2,P,,3,0,F,W,L,F,P,T,B,L,S,L,
,,,,,,,,,,0,0,,5,2,O,,0,0,S,W,C,U,O,T,B,C,M,L,
,,,,,,,,,,0,0,,5,2,O,,0,1,S,B,C,U,P,T,B,C,S,L,
,,,,,,,,,,0,0,,5,2,O,,1,1,F,B,L,U,O,T,B,L,S,W,
,,,,,,,,,,0,0,,5,2,O,,1,2,F,C,C,W,P,S,B,C,M,,
,,,,,,,,,,0,0,,5,2,O,,2,2,S,C,C,U,P,T,F,C,M,W,
,,,,,,,,,,0,0,,5,2,O,,3,2,F,W,C,W,P,T,B,C,S,,
,,,,,,,,,,1,0,,0,0,P,,0,0,S,B,C,W,P,T,B,C,S,,
,,,,,,,,,,1,0,,0,0,P,,2,0,F,B,L,U,P,T,B,L,S,L,
,,,,,,,,,,1,0,,0,0,P,,3,0,F,W,,A,P,,,,,,
,,,,,,,,,,1,0,,1,0,O,,0,0,F,W,C,F,P,T,B,C,S,L,
,,,,,,,,,,1,0,,1,0,O,,1,0,F,B,C,U,O,T,F,C,S,L,
,,,,,,,,,,1,0,,1,0,O,,1,1,F,B,L,W,O,T,F,C,S,,
,,,,,,,,,,1,0,,1,0,O,,1,2,F,B,C,U,O,T,B,C,S,W,
,,,,,,,,,,1,0,,1,0,O,,1,3,F,W,C,U,O,T,F,L,S,N,
,,,,,,,,,,1,0,,1,1,P,,0,0,S,W,C,F,P,T,B,C,S,L,
,,,,,,,,,,1,0,,1,1,P,,1,0,F,W,L,F,P,T,B,L,S,N,
,,,,,,,,,,1,0,,1,1,P,,2,0,F,C,L,F,P,T,F,L,S,,
,,,,,,,,,,1,0,,1,1,P,,3,0,S,W,C,U,P,T,F,C,M,N,
,,,,,,,,,,1,0,,2,1,O,,0,1,F,W,C,F,O,T,B,C,S,L,
,,,,,,,,,,1,0,,2,1,O,,1,2,S,,,,,,,,,,
,,,,,,,,,,1,0,,2,1,O,,1,2,S,W,C,F,P,T,B,C,S,L,
,,,,,,,,,,1,0,,2,1,O,,2,2,S,B,C,F,O,T,F,L,S,W,
,,,,,,,,,,1,0,,2,1,O,,3,3,F,B,C,U,O,T,F,C,S,L,
,,,,,,,,,,1,0,,2,2,P,,0,0,D,,,D,O,,,,,,
,,,,,,,,,,1,0,,2,2,P,,0,1,D,,,D,O,,,,,,
,,,,,,,,,,1,0,,2,2,P,,0,2,F,W,C,W,P,T,F,L,S,,
,,,,,,,,,,1,0,,2,2,P,,1,2,F,W,L,F,P,T,B,L,S,,
,,,,,,,,,,1,0,,2,2,P,,2,2,F,B,C,F,P,T,B,C,M,N,
,,,,,,,,,,1,0,,2,2,P,,3,2,F,W,,A,P,,,,,,
,,,,,,,,,,1,0,,3,2,O,,0,0,F,W,C,U,P,V,B,C,M,N,
,,,,,,,,,,1,0,,3,2,O,,1,0,F,W,C,W,P,T,B,C,M,,
,,,,,,,,,,1,0,,3,2,O,,2,0,F,B,L,F,O,T,B,L,S,,
,,,,,,,,,,1,0,,3,2,O,,2,1,F,B,C,F,O,O,F,C,M,N,
,,,,,,,,,,1,0,,3,2,O,,2,2,F,B,L,W,O,T,B,C,M,,
,,,,,,,,,,1,0,,3,2,O,,2,3,F,B,C,W,P,T,B,C,S,,
,,,,,,,,,,1,0,,3,2,O,,3,3,F,B,C,F,P,T,F,C,S,L,
,,,,,,,,,,1,0,,4,2,P,,0,0,D,,,D,O,,,,,,
,,,,,,,,,,1,0,,4,2,P,,0,1,F,W,C,U,O,V,F,L,M,N,
,,,,,,,,,,1,0,,4,2,P,,0,2,S,B,C,F,P,T,B,C,S,L,
,,,,,,,,,,1,0,,4,2,P,,1,2,F,W,L,U,P,T,B,L,S,W,
,,,,,,,,,,1,0,,4,2,P,,2,3,D,,,D,O,,,,,,
,,,,,,,,,,1,0,,4,3,O,,1,0,F,B,C,F,P,T,F,C,S,N,
,,,,,,,,,,1,0,,4,3,O,,2,0,S,W,L,U,O,T,F,L,S,W,
,,,,,,,,,,1,0,,4,3,O,,2,1,S,B,C,U,O,T,B,L,L,W,
,,,,,,,,,,1,0,,4,3,O,,2,2,F,C,C,F,O,T,B,C,S,N,
,,,,,,,,,,1,0,,4,3,O,,2,3,F,W,C,U,P,L,B,L,S,L,
,,,,,,,,,,1,0,,4,3,O,,3,3,F,C,C,U,P,T,F,L,M,L,
,,,,,,,,,,1,0,,5,3,P,,0,0,F,W,C,F,P,T,F,C,S,W,
,,,,,,,,,,1,0,,5,3,P,,1,0,S,W,C,U,O,T,F,C,S,L,
,,,,,,,,,,1,0,,5,3,P,,1,1,S,B,C,U,P,T,B,C,M,W,
,,,,,,,,,,1,0,,5,3,P,,2,1,S,B,C,W,P,T,B,C,S,,
,,,,,,,,,,1,0,,5,3,P,,3,2,F,B,C,F,P,T,B,C,S,,
,,,,,,,,,,2,0,,6,3,O,,4,2,F,B,C,F,P,T,B,C,S,,
Samantha Smith,,,2018-01-26,HOME,,,R,,R,0,0,,0,0,p,,0,0,s,w,c,w,p,t,f,c,s,,
,,,,,,,,,,0,0,,0,0,p,,1,0,s,b,l,w,p,t,f,l,s,,
,,,,,,,,,,0,0,,0,0,p,,2,0,f,b,c,w,p,t,f,c,s,,
,,,,,,,,,,0,0,,0,0,p,,3,0,f,c,l,u,o,t,b,c,s,,
,,,,,,,,,,0,0,,0,0,p,,3,1,f,b,c,u,p,o,f,c,s,w,
,,,,,,,,,,0,0,,1,0,O,,0,0,s,b,l,u,o,s,f,c,s,l,
,,,,,,,,,,0,0,,1,0,O,,0,1,f,b,c,w,p,t,f,c,s,,
,,,,,,,,,,0,0,,1,0,O,,1,1,f,b,c,u,o,t,f,c,s,n,
,,,,,,,,,,0,0,,1,0,O,,1,2,f,b,c,u,o,t,f,c,s,n,
,,,,,,,,,,0,0,,1,0,O,,1,3,f,b,c,u,o,t,f,c,s,n,
,,,,,,,,,,0,0,,1,1,P,,0,0,f,b,c,u,p,t,f,c,s,n,
,,,,,,,,,,0,0,,1,1,P,,1,0,s,w,c,w,p,t,f,l,s,,
,,,,,,,,,,0,0,,1,1,P,,2,0,f,c,l,w,p,t,f,l,s,,
,,,,,,,,,,0,0,,1,1,P,,3,0,f,b,l,u,o,s,b,c,s,n,
,,,,,,,,,,0,0,,1,1,P,,3,1,f,c,l,w,p,t,f,c,m,,
,,,,,,,,,,0,0,,2,1,O,,0,0,s,w,c,w,o,t,f,l,s,,
,,,,,,,,,,0,0,,2,1,O,,0,1,d,,,d,p,,,,,,
,,,,,,,,,,0,0,,2,1,O,,1,1,f,c,l,u,p,s,f,c,s,n,
,,,,,,,,,,0,0,,2,1,O,,2,1,f,w,c,w,o,t,f,c,s,,
,,,,,,,,,,0,0,,2,1,O,,2,2,f,c,l,w,p,t,f,l,s,,
,,,,,,,,,,0,0,,2,1,O,,3,2,f,c,c,w,o,t,f,c,s,,
,,,,,,,,,,0,0,,2,1,O,,3,3,d,,,d,p,,,,,,
,,,,,,,,,,0,0,,3,1,P,,0,0,f,c,l,w,p,s,f,l,s,,
,,,,,,,,,,0,0,,3,1,P,,1,0,f,c,l,f,p,t,f,l,m,n,
,,,,,,,,,,0,0,,3,1,P,,2,0,f,b,l,u,o,o,b,c,s,l,
,,,,,,,,,,0,0,,3,1,P,,2,1,f,w,c,u,o,t,f,c,s,n,
,,,,,,,,,,0,0,,3,1,P,,2,2,f,w,l,f,p,o,b,c,s,l,
,,,,,,,,,,0,0,,3,1,P,,3,2,f,,,a,p,,,,,,
,,,,,,,,,,0,0,,4,1,O,,0,0,s,b,l,u,p,t,f,c,s,l,
,,,,,,,,,,0,0,,4,1,O,,1,0,f,b,l,u,p,t,b,c,s,n,
,,,,,,,,,,0,0,,4,1,O,,2,0,f,b,c,w,o,t,f,l,m,,
,,,,,,,,,,0,0,,4,1,O,,2,1,s,b,l,u,o,s,b,c,s,n,
,,,,,,,,,,0,0,,4,1,O,,2,2,f,b,c,w,p,t,f,c,s,,
,,,,,,,,,,0,0,,4,1,O,,3,2,f,b,c,w,p,t,f,c,s,,
,,,,,,,,,,0,0,,5,1,P,,0,0,f,b,l,u,o,t,b,l,s,,
,,,,,,,,,,0,0,,5,1,P,,0,1,s,w,c,w,p,t,f,c,s,,
,,,,,,,,,,0,0,,5,1,P,,1,1,f,c,c,w,p,t,f,l,s,,
,,,,,,,,,,0,0,,5,1,P,,2,1,s,w,l,u,p,t,f,c,s,l,
,,,,,,,,,,0,0,,5,1,P,,3,1,f,c,c,w,p,t,f,c,s,,
,,,,,,,,,,1,0,,0,0,P,,0,0,f,c,l,f,p,o,b,c,m,l,
,,,,,,,,,,1,0,,0,0,P,,1,0,f,c,c,w,p,t,f,c,m,,
,,,,,,,,,,1,0,,0,0,P,,2,0,f,b,c,w,p,t,b,c,s,,
,,,,,,,,,,1,0,,0,0,P,,3,0,f,w,l,u,p,t,f,c,s,,
,,,,,,,,,,1,0,,1,0,O,,0,0,s,w,c,u,p,t,b,l,s,l,
,,,,,,,,,,1,0,,1,0,O,,1,0,f,w,l,u,p,t,f,c,s,n,
,,,,,,,,,,1,0,,1,0,O,,2,0,f,c,l,w,p,t,b,c,m,,
,,,,,,,,,,1,0,,1,0,O,,3,0,f,w,c,f,p,t,f,l,s,,
,,,,,,,,,,1,0,,2,0,P,,0,0,f,c,c,u,o,t,f,l,s,n,
,,,,,,,,,,1,0,,2,0,P,,0,1,f,w,l,f,p,t,f,c,s,n,
,,,,,,,,,,1,0,,2,0,P,,1,1,f,w,c,w,o,t,f,c,s,,
,,,,,,,,,,1,0,,2,0,P,,1,2,f,b,c,w,o,t,f,c,s,,
,,,,,,,,,,1,0,,2,0,P,,1,3,s,b,c,w,p,t,f,l,s,,
,,,,,,,,,,1,0,,2,0,P,,2,3,f,w,c,w,p,t,b,c,s,,
,,,,,,,,,,1,0,,2,0,P,,3,3,f,w,c,u,o,t,f,c,s,,
,,,,,,,,,,1,0,,2,1,O,,0,0,s,w,c,u,p,t,b,c,m,w,
,,,,,,,,,,1,0,,2,1,O,,1,0,s,w,l,u,o,o,b,c,s,l,
,,,,,,,,,,1,0,,2,1,O,,1,1,f,,,a,p,,,,,,
,,,,,,,,,,1,0,,2,1,O,,2,1,f,b,c,w,p,t,f,l,m,,
,,,,,,,,,,1,0,,2,1,O,,3,1,f,c,c,u,o,t,f,c,m,n,
,,,,,,,,,,1,0,,2,1,O,,3,2,f,b,c,u,o,t,f,c,s,l,
,,,,,,,,,,1,0,,2,1,O,,3,3,s,b,c,u,o,t,f,c,s,l,
,,,,,,,,,,1,0,,2,2,P,,0,0,f,b,c,u,o,t,f,c,s,n,
,,,,,,,,,,1,0,,2,2,P,,0,1,f,b,c,w,o,s,f,c,m,,
,,,,,,,,,,1,0,,2,2,P,,0,2,f,,,a,o,,,,,,
,,,,,,,,,,1,0,,2,2,P,,0,3,d,,,d,p,,,,,,
,,,,,,,,,,1,0,,2,2,P,,1,3,f,b,c,w,o,t,f,c,s,,
,,,,,,,,,,1,0,,2,3,O,,0,0,s,b,c,w,p,t,b,c,m,,
,,,,,,,,,,1,0,,2,3,O,,1,0,f,w,c,w,p,s,b,l,m,,
,,,,,,,,,,1,0,,2,3,O,,2,0,f,c,l,u,o,t,f,c,s,n,
,,,,,,,,,,1,0,,2,3,O,,2,1,f,b,c,u,p,t,f,c,m,l,
,,,,,,,,,,1,0,,2,3,O,,3,1,f,c,c,w,o,t,f,c,s,,
,,,,,,,,,,1,0,,2,3,O,,3,2,d,,,d,o,,,,,,
,,,,,,,,,,1,0,,2,3,O,,3,3,f,c,c,w,p,t,f,c,s,,
,,,,,,,,,,1,0,,3,3,P,,0,0,f,,,a,o,,,,,,
,,,,,,,,,,1,0,,3,3,P,,0,1,f,c,c,w,o,t,f,c,s,,
,,,,,,,,,,1,0,,3,3,P,,0,2,f,c,l,w,o,t,f,c,s,,
,,,,,,,,,,1,0,,3,3,P,,0,3,f,c,c,w,o,t,f,c,s,,
,,,,,,,,,,1,0,,3,4,O,,0,0,s,b,c,u,p,t,f,c,s,l,
,,,,,,,,,,1,0,,3,4,O,,1,0,f,b,c,u,p,t,f,c,s,n,
,,,,,,,,,,1,0,,3,4,O,,2,0,f,b,c,w,o,o,b,l,s,,
,,,,,,,,,,1,0,,3,4,O,,2,1,s,c,l,w,p,t,f,c,s,,
,,,,,,,,,,1,0,,3,4,O,,3,1,f,b,c,f,p,t,f,l,s,w,
,,,,,,,,,,1,0,,4,4,P,,0,0,s,b,c,u,o,t,f,c,s,n,
,,,,,,,,,,1,0,,4,4,P,,0,1,f,b,c,u,p,t,f,l,s,l,
,,,,,,,,,,1,0,,4,4,P,,1,1,f,b,c,w,o,t,f,l,s,,
,,,,,,,,,,1,0,,4,4,P,,1,2,f,c,l,u,o,t,b,l,s,l,
,,,,,,,,,,1,0,,4,4,P,,1,3,f,b,c,u,o,t,f,c,s,l,
,,,,,,,,,,1,0,,4,5,O,,0,0,f,b,c,f,p,s,f,c,s,l,
,,,,,,,,,,1,0,,4,5,O,,1,0,f,b,c,f,p,t,b,c,m,l,
,,,,,,,,,,1,0,,4,5,O,,2,0,f,b,c,f,p,s,f,c,m,n,
,,,,,,,,,,1,0,,4,5,O,,3,0,f,w,c,f,p,t,b,c,s,w,
,,,,,,,,,,1,0,,5,5,P,,0,0,f,w,c,f,p,t,f,l,s,l,
,,,,,,,,,,1,0,,5,5,P,,1,0,f,b,l,f,p,t,f,c,s,l,
,,,,,,,,,,1,0,,5,5,P,,2,0,s,b,c,w,p,t,f,c,s,,
,,,,,,,,,,1,0,,5,5,P,,3,0,f,c,l,w,o,s,b,c,s,,
,,,,,,,,,,1,0,,5,5,P,,3,1,d,,,d,p,,,,,,
,,,,,,,,,,2,0,,6,5,O,,0,0,s,w,l,f,p,t,f,c,s,n,
,,,,,,,,,,2,0,,6,5,O,,1,0,f,b,c,w,p,t,f,c,s,,
,,,,,,,,,,2,0,,6,5,O,,2,0,f,b,c,w,p,t,f,c,m,,
,,,,,,,,,,2,0,,6,5,O,,3,0,f,b,c,u,o,s,b,c,s,,
,,,,,,,,,,2,0,,6,5,O,,3,1,f,b,c,u,o,t,b,c,m,,
,,,,,,,,,,2,0,,6,5,O,,3,2,s,b,c,w,p,t,b,c,s,,
Anastasia Abramyan,,,2018-01-26,HOME,Win,,R,,R,0,0,,0,0,P,,0,0,S,B,C,U,O,T,F,C,L,W,
,,,,,,,,,,0,0,,0,0,P,,0,1,D,,,D,O,,,,S,,
,,,,,,,,,,0,0,,0,0,P,,0,2,F,C,C,W,O,S,F,C,M,,
,,,,,,,,,,0,0,,0,0,P,,0,3,F,C,N,F,P,T,F,C,S,N,
,,,,,,,,,,0,0,,0,0,P,,1,3,F,C,L,U,O,T,B,L,L,W,
,,,,,,,,,,0,0,,0,1,O,,0,0,F,B,C,U,O,T,F,C,M,L,
,,,,,,,,,,0,0,,0,1,O,,0,1,F,W,N,F,O,S,B,C,S,N,
,,,,,,,,,,0,0,,0,1,O,,0,2,S,B,C,U,P,S,F,L,M,L,
,,,,,,,,,,0,0,,0,1,O,,1,2,S,B,C,U,P,S,B,L,S,W,
,,,,,,,,,,0,0,,0,1,O,,2,2,S,B,C,F,O,T,F,C,M,W,
,,,,,,,,,,0,0,,0,1,O,,2,3,S,B,C,U,P,T,B,C,S,L,
,,,,,,,,,,0,0,,0,1,O,,3,3,F,C,C,U,O,T,B,L,L,N,
,,,,,,,,,,0,0,,0,2,P,,0,0,S,C,C,F,P,S,B,L,L,N,
,,,,,,,,,,0,0,,0,2,P,,1,0,F,W,C,U,O,T,F,C,S,N,
,,,,,,,,,,0,0,,0,2,P,,1,1,S,B,C,F,P,T,B,C,M,W,
,,,,,,,,,,0,0,,0,2,P,,2,1,F,B,L,F,P,T,F,C,S,N,
,,,,,,,,,,0,0,,0,2,P,,3,1,D,,,D,O,,,,S,,
,,,,,,,,,,0,0,,0,2,P,,3,2,F,W,C,U,O,T,B,L,M,L,
,,,,,,,,,,0,0,,0,2,P,,3,3,F,B,L,U,P,T,F,C,M,L,
,,,,,,,,,,0,0,,1,2,O,,0,0,F,B,C,U,P,T,B,L,L,L,
,,,,,,,,,,0,0,,1,2,O,,1,0,F,W,C,U,P,T,F,C,S,N,
,,,,,,,,,,0,0,,1,2,O,,2,0,F,W,C,W,O,O,,L,M,,
,,,,,,,,,,0,0,,1,2,O,,2,1,F,W,N,U,O,T,B,C,S,N,
,,,,,,,,,,0,0,,1,2,O,,2,2,F,C,C,U,P,T,F,C,M,N,
,,,,,,,,,,0,0,,1,2,O,,3,2,S,W,C,U,O,T,F,C,M,N,
,,,,,,,,,,0,0,,1,2,O,,3,3,F,W,N,F,O,T,B,L,S,W,
,,,,,,,,,,0,0,,1,3,P,,0,0,S,B,C,U,P,T,F,C,M,L,
,,,,,,,,,,0,0,,1,3,P,,1,0,S,B,C,U,P,T,B,L,M,W,
,,,,,,,,,,0,0,,1,3,P,,2,0,S,C,N,F,P,T,B,C,S,W,
,,,,,,,,,,0,0,,1,3,P,,3,0,F,C,C,W,P,V,B,C,M,,
,,,,,,,,,,0,0,,2,3,O,,0,0,S,B,C,U,O,T,B,L,M,W,
,,,,,,,,,,0,0,,2,3,O,,0,1,F,B,C,U,O,T,B,L,M,L,
,,,,,,,,,,0,0,,2,3,O,,0,2,S,W,C,U,O,T,F,L,M,N,
,,,,,,,,,,0,0,,2,3,O,,0,3,S,B,C,W,P,T,F,C,M,,
,,,,,,,,,,0,0,,2,3,O,,1,3,F,W,N,F,O,T,F,C,S,W,
,,,,,,,,,,0,0,,2,4,P,,0,0,S,C,C,W,P,T,F,L,M,,
,,,,,,,,,,0,0,,2,4,P,,1,0,F,B,C,W,P,T,F,L,L,,
,,,,,,,,,,0,0,,2,4,P,,2,0,F,B,L,U,P,T,F,L,M,L,
,,,,,,,,,,0,0,,2,4,P,,3,0,F,B,C,F,O,T,F,C,M,N,
,,,,,,,,,,0,0,,2,4,P,,3,1,S,C,C,U,P,T,F,L,M,L,
,,,,,,,,,,0,0,,3,4,O,,0,0,F,B,C,W,P,T,B,L,M,,
,,,,,,,,,,0,0,,3,4,O,,1,0,F,W,N,F,O,T,B,C,S,N,
,,,,,,,,,,0,0,,3,4,O,,1,1,F,B,C,U,P,T,F,C,L,L,
,,,,,,,,,,0,0,,3,4,O,,2,1,F,W,C,U,P,T,F,C,L,L,
,,,,,,,,,,0,0,,3,4,O,,3,1,S,B,C,F,P,T,F,C,S,L,
,,,,,,,,,,0,0,,4,4,P,,0,0,S,B,C,U,O,T,F,C,S,N,
,,,,,,,,,,0,0,,4,4,P,,0,1,F,B,C,U,P,T,B,C,M,N,
,,,,,,,,,,0,0,,4,4,P,,1,1,F,B,C,F,P,T,F,L,L,W,
,,,,,,,,,,0,0,,4,4,P,,2,1,S,W,C,U,O,T,B,L,M,L,
,,,,,,,,,,0,0,,4,4,P,,2,2,F,W,L,U,O,T,B,C,S,L,
,,,,,,,,,,0,0,,4,4,P,,2,3,F,B,C,F,P,S,B,C,M,N,
,,,,,,,,,,0,0,,4,4,P,,3,3,S,B,C,F,P,T,F,L,M,N,
,,,,,,,,,,0,0,,5,4,O,,0,0,F,W,C,F,P,S,B,C,M,W,
,,,,,,,,,,0,0,,5,4,O,,1,0,S,B,N,U,O,T,B,C,S,N,
,,,,,,,,,,0,0,,5,4,O,,1,1,D,,,D,P,,,,S,,
,,,,,,,,,,0,0,,5,4,O,,2,1,F,W,C,U,P,T,B,L,L,N,
,,,,,,,,,,0,0,,5,4,O,,3,1,S,B,C,U,O,T,F,C,L,N,
,,,,,,,,,,0,0,,5,4,O,,3,2,S,B,N,U,O,T,B,L,S,N,
,,,,,,,,,,0,0,,5,4,O,,3,3,F,B,L,U,P,T,F,C,L,L,
,,,,,,,,,,1,0,,0,0,P,,0,0,F,B,C,U,P,T,F,C,M,W,
,,,,,,,,,,1,0,,0,0,P,,1,0,F,W,C,U,P,T,F,C,M,L,
,,,,,,,,,,1,0,,0,0,P,,2,0,F,C,C,W,P,T,F,C,S,,
,,,,,,,,,,1,0,,0,0,P,,3,0,F,C,C,U,P,T,B,L,M,L,
,,,,,,,,,,1,0,,1,0,O,,0,0,F,C,N,F,O,T,B,C,S,N,
,,,,,,,,,,1,0,,1,0,O,,0,1,S,W,C,U,P,T,B,C,M,L,
,,,,,,,,,,1,0,,1,0,O,,1,1,F,W,N,F,O,T,F,C,S,N,
,,,,,,,,,,1,0,,1,0,O,,1,2,S,B,C,U,P,T,F,L,L,W,
,,,,,,,,,,1,0,,1,0,O,,2,2,S,B,C,F,O,T,F,C,M,W,
,,,,,,,,,,1,0,,1,0,O,,2,3,S,B,C,F,P,T,B,C,M,N,
,,,,,,,,,,1,0,,1,0,O,,3,3,F,W,N,F,O,T,B,L,S,W,
,,,,,,,,,,1,0,,1,1,P,,0,0,D,,,D,O,,,,S,,
,,,,,,,,,,1,0,,1,1,P,,0,1,F,B,L,W,P,T,F,L,L,,
,,,,,,,,,,1,0,,1,1,P,,1,1,F,C,C,U,O,T,F,C,M,L,
,,,,,,,,,,1,0,,1,1,P,,1,2,S,C,C,U,P,T,B,L,M,W,
,,,,,,,,,,1,0,,1,1,P,,2,2,S,B,C,U,O,T,F,C,L,L,
,,,,,,,,,,1,0,,1,1,P,,2,3,F,B,C,U,O,T,F,C,M,L,
,,,,,,,,,,1,0,,1,2,O,,0,0,F,B,C,U,O,T,F,L,M,N,
,,,,,,,,,,1,0,,1,2,O,,0,1,F,W,C,U,P,S,F,L,L,W,
,,,,,,,,,,1,0,,1,2,O,,1,1,D,,,D,P,,,,S,,
,,,,,,,,,,1,0,,1,2,O,,2,1,F,W,C,U,P,T,F,C,M,W,
,,,,,,,,,,1,0,,1,2,O,,3,1,S,B,C,U,P,T,F,C,S,L,
,,,,,,,,,,1,0,,2,2,P,,0,0,F,C,C,W,O,T,B,C,L,,
,,,,,,,,,,1,0,,2,2,P,,0,1,F,B,C,F,O,T,B,L,L,N,
,,,,,,,,,,1,0,,2,2,P,,0,2,F,W,C,W,P,T,B,L,S,,
,,,,,,,,,,1,0,,2,2,P,,1,2,F,W,C,U,P,T,B,L,M,W,
,,,,,,,,,,1,0,,2,2,P,,2,2,S,C,C,U,O,T,F,C,M,N,
,,,,,,,,,,1,0,,2,2,P,,2,3,F,B,L,F,O,T,F,L,M,L,
,,,,,,,,,,1,0,,2,3,O,,0,0,S,B,N,F,O,T,B,C,S,W,
,,,,,,,,,,1,0,,2,3,O,,0,1,F,W,,A,O,,,,S,,
,,,,,,,,,,1,0,,2,3,O,,0,2,S,B,C,W,O,S,F,L,L,,
,,,,,,,,,,1,0,,2,3,O,,0,3,S,W,C,F,P,T,B,L,M,N,
,,,,,,,,,,1,0,,2,3,O,,1,3,F,W,C,U,P,V,B,C,M,W,
,,,,,,,,,,1,0,,2,3,O,,2,3,S,W,C,F,P,V,F,C,L,N,
,,,,,,,,,,1,0,,2,3,O,,3,3,F,W,C,W,O,T,F,C,M,,
,,,,,,,,,,1,0,,2,4,P,,0,0,F,C,N,F,P,T,B,C,S,W,
,,,,,,,,,,1,0,,2,4,P,,1,0,S,W,C,U,P,T,B,C,M,L,
,,,,,,,,,,1,0,,2,4,P,,2,0,F,W,C,F,O,T,B,L,M,N,
,,,,,,,,,,1,0,,2,4,P,,2,1,D,,,D,O,,,,S,,
,,,,,,,,,,1,0,,2,4,P,,2,2,F,B,C,U,O,T,F,L,M,N,
,,,,,,,,,,1,0,,2,4,P,,2,3,D,,,D,O,,,,S,,
,,,,,,,,,,1,0,,2,5,O,,0,0,F,C,L,F,P,T,B,C,S,W,
,,,,,,,,,,1,0,,2,5,O,,1,0,S,W,N,F,O,T,B,C,S,L,
,,,,,,,,,,1,0,,2,5,O,,1,1,S,B,C,U,O,T,F,L,M,N,
,,,,,,,,,,1,0,,2,5,O,,1,2,S,B,C,F,P,T,F,L,M,L,
,,,,,,,,,,1,0,,2,5,O,,2,2,F,W,C,W,O,S,F,L,S,,
,,,,,,,,,,1,0,,2,5,O,,2,3,S,W,L,F,O,T,B,C,M,L,
,,,,,,,,,,1,1,,0,0,P,,0,0,F,C,C,F,P,T,F,C,L,N,
,,,,,,,,,,1,1,,0,0,O,,1,0,S,W,C,U,P,T,B,C,L,N,
,,,,,,,,,,1,1,,0,0,O,,2,0,F,B,C,U,O,T,B,C,L,L,
,,,,,,,,,,1,1,,0,0,P,,2,1,F,B,N,F,P,T,B,L,S,N,
,,,,,,,,,,1,1,,0,0,P,,3,1,F,B,L,W,O,T,B,L,L,,
,,,,,,,,,,1,1,,0,0,O,,3,2,S,B,C,U,O,T,F,L,M,N,
,,,,,,,,,,1,1,,0,0,O,,3,3,F,W,C,F,O,S,F,C,M,L,
,,,,,,,,,,1,1,,0,0,O,,3,4,F,B,C,W,P,S,B,L,L,,
,,,,,,,,,,1,1,,0,0,P,,4,4,S,B,C,F,P,S,F,C,L,L,
,,,,,,,,,,1,1,,0,0,O,,5,4,S,W,C,F,P,T,B,L,L,W,
,,,,,,,,,,1,1,,0,0,O,,6,4,S,B,C,U,O,T,F,L,M,N,
,,,,,,,,,,1,1,,0,0,P,,6,5,F,B,C,U,P,T,F,C,M,N,
,,,,,,,,,,1,1,,0,0,P,,7,5,S,B,C,U,O,O,,C,M,N,
,,,,,,,,,,1,1,,0,0,O,,7,6,F,C,L,U,P,T,F,C,M,N,
,,,,,,,,,,1,1,,0,0,O,,8,6,S,B,C,U,P,T,F,C,L,N,
,,,,,,,,,,1,1,,0,0,P,,9,6,F,B,N,F,P,T,B,L,S,N,
Macie Jones,,,2018-01-26,HOME,,,R,,R,0,0,,0,0,P,,0,0,f,b,c,a,p,,,,,,
,,,,,,,,,,0,0,,0,0,O,,1,0,d,,,d,o,,,,,,
,,,,,,,,,,0,0,,0,0,O,,1,1,f,c,c,f,o,t,f,c,m,n,
,,,,,,,,,,0,0,,0,0,O,,1,2,f,b,c,u,p,t,f,c,s,w,
,,,,,,,,,,0,0,,0,0,O,,2,2,d,,,d,o,,,,,,
,,,,,,,,,,0,0,,0,0,O,,2,3,f,c,c,w,p,t,f,l,m,l,
,,,,,,,,,,0,0,,0,0,O,,3,3,f,b,l,u,p,t,f,c,s,n,
,,,,,,,,,,0,0,,1,0,o,,0,0,s,,,,p,,,,,,
,,,,,,,,,,0,0,,1,0,o,,1,0,f,c,c,u,o,t,f,c,s,l,
,,,,,,,,,,0,0,,1,0,o,,1,1,d,,,d,p,,,,,,
,,,,,,,,,,0,0,,1,0,o,,2,1,s,b,c,f,o,s,b,l,s,w,
,,,,,,,,,,0,0,,1,0,o,,2,2,f,b,l,u,o,t,f,c,s,n,
,,,,,,,,,,0,0,,1,0,o,,2,3,f,b,l,u,p,s,b,c,s,n,
,,,,,,,,,,0,0,,1,0,o,,3,3,s,b,c,w,o,o,f,c,m,,
,,,,,,,,,,0,0,,1,1,P,,0,0,f,b,c,u,p,t,f,c,s,n,
,,,,,,,,,,0,0,,1,1,P,,1,0,f,b,c,w,p,t,f,c,s,l,
,,,,,,,,,,0,0,,1,1,P,,2,0,f,,,a,p,,,,,,
,,,,,,,,,,0,0,,1,1,P,,3,0,d,,,d,o,,,,,,
,,,,,,,,,,0,0,,1,1,P,,3,1,f,,,a,p,,,,,,
,,,,,,,,,,0,0,,2,1,O,,0,0,f,b,c,u,o,t,f,c,s,l,
,,,,,,,,,,0,0,,2,1,O,,0,1,f,b,c,u,o,t,f,l,s,n,
,,,,,,,,,,0,0,,2,1,O,,0,2,f,b,l,u,o,t,f,l,s,n,
,,,,,,,,,,0,0,,2,1,O,,0,3,f,b,c,f,p,o,b,l,s,w,
,,,,,,,,,,0,0,,2,1,O,,1,3,d,,,d,p,,,,,,
,,,,,,,,,,0,0,,2,1,O,,2,3,d,,,d,p,,,,,,
,,,,,,,,,,0,0,,2,1,O,,3,3,f,w,c,u,p,t,b,l,s,w,
,,,,,,,,,,0,0,,3,1,P,,0,0,f,c,l,f,p,t,f,c,m,l,
,,,,,,,,,,0,0,,3,1,P,,1,0,d,,,d,o,,,,,,
,,,,,,,,,,0,0,,3,1,P,,1,1,f,,,a,p,,,,,,
,,,,,,,,,,0,0,,3,1,P,,2,1,f,b,c,u,p,t,f,c,s,w,
,,,,,,,,,,0,0,,3,1,P,,3,1,f,,,a,p,,,,,,
,,,,,,,,,,0,0,,4,1,O,,0,0,s,b,c,u,p,t,f,c,s,,
,,,,,,,,,,0,0,,4,1,O,,1,0,f,b,c,u,o,t,f,c,s,l,
,,,,,,,,,,0,0,,4,1,O,,1,1,f,,,a,o,,,,,,
,,,,,,,,,,0,0,,4,1,O,,1,2,f,b,c,f,p,t,f,c,s,,
,,,,,,,,,,0,0,,4,1,O,,2,2,d,,,d,p,,,,,,
,,,,,,,,,,0,0,,4,1,O,,3,2,f,w,l,u,o,t,f,c,s,n,
,,,,,,,,,,0,0,,4,1,O,,3,3,d,,,d,p,,,,,,
,,,,,,,,,,0,0,,5,1,P,,0,0,f,b,c,u,o,o,b,c,m,l,
,,,,,,,,,,0,0,,5,1,P,,0,1,s,w,l,u,o,t,f,c,s,n,
,,,,,,,,,,0,0,,5,1,P,,0,2,f,c,c,u,p,t,f,c,m,,
,,,,,,,,,,0,0,,5,1,P,,1,2,f,c,l,w,o,t,f,l,s,,
,,,,,,,,,,0,0,,5,1,P,,1,3,f,w,c,u,p,t,f,c,s,,
,,,,,,,,,,0,0,,5,1,P,,2,3,d,,,d,o,,,,,,
,,,,,,,,,,0,0,,5,2,O,,0,0,d,,,d,p,,,,,,
,,,,,,,,,,0,0,,5,2,O,,1,0,f,b,l,w,p,t,f,c,s,,
,,,,,,,,,,0,0,,5,2,O,,2,0,f,b,c,f,o,t,f,c,s,n,
,,,,,,,,,,0,0,,5,2,O,,2,1,s,b,c,u,p,s,b,c,s,n,
,,,,,,,,,,0,0,,5,2,O,,3,1,f,w,c,f,o,t,f,c,s,n,
,,,,,,,,,,0,0,,5,2,O,,3,2,s,w,c,w,o,t,f,c,m,,
,,,,,,,,,,0,0,,5,2,O,,3,3,d,,,d,p,,,,,,
,,,,,,,,,,1,0,,6,2,P,,0,0,s,b,c,w,o,t,f,c,s,,
,,,,,,,,,,1,0,,6,2,P,,0,1,s,w,c,w,p,o,f,c,s,,
,,,,,,,,,,1,0,,6,2,P,,1,1,f,b,c,u,o,t,f,c,m,n,
,,,,,,,,,,1,0,,6,2,P,,1,2,f,,,a,p,,,,,,
,,,,,,,,,,1,0,,6,2,P,,2,2,f,c,c,u,p,t,f,l,m,l,
,,,,,,,,,,1,0,,6,2,P,,3,2,f,b,c,f,p,t,f,c,m,n,
,,,,,,,,,,1,0,,7,2,O,,0,0,d,,,d,p,,,,,,
,,,,,,,,,,1,0,,7,2,O,,1,0,f,b,l,u,p,t,b,c,s,n,
,,,,,,,,,,1,0,,7,2,O,,2,0,f,b,l,u,o,t,f,c,s,w,
,,,,,,,,,,1,0,,7,2,O,,2,1,d,,,d,p,,,,,,
,,,,,,,,,,1,0,,7,2,O,,3,1,f,w,c,w,o,o,b,l,s,,
,,,,,,,,,,1,0,,7,2,O,,3,2,f,b,l,u,o,t,b,c,s,w,
,,,,,,,,,,1,0,,7,2,O,,3,3,f,b,c,w,p,t,f,c,s,,
,,,,,,,,,,1,0,,8,2,P,,0,0,f,w,c,f,p,s,f,c,s,n,
,,,,,,,,,,1,0,,8,2,P,,1,0,f,w,c,w,p,t,f,c,s,,
,,,,,,,,,,1,0,,8,2,P,,2,0,f,b,c,w,p,t,f,c,s,,
,,,,,,,,,,1,0,,8,2,P,,3,0,d,,,d,o,,,,,,
,,,,,,,,,,1,0,,8,2,P,,3,1,f,w,c,w,p,t,f,c,s,,
,,,,,,,,,,1,0,,9,2,O,,0,0,d,,,d,p,,,,,,
,,,,,,,,,,1,0,,9,2,O,,1,0,d,,,d,p,,,,,,
,,,,,,,,,,1,0,,9,2,O,,2,0,f,w,c,w,o,t,f,c,s,,
,,,,,,,,,,1,0,,9,2,O,,2,1,f,w,c,w,p,t,f,l,s,,
,,,,,,,,,,1,0,,9,2,O,,3,1,f,c,l,w,o,o,b,c,s,,
,,,,,,,,,,1,0,,9,2,O,,3,2,f,b,c,u,o,t,f,c,s,n,
,,,,,,,,,,1,0,,9,2,O,,3,3,f,b,c,u,p,t,f,l,s,n,
,,,,,,,,,,1,0,,10,2,P,,0,0,f,,,a,p,,,,,,
,,,,,,,,,,1,0,,10,2,P,,1,0,s,c,l,w,p,o,b,c,s,,
,,,,,,,,,,1,0,,10,2,P,,2,0,f,,,a,p,,,,,,
,,,,,,,,,,1,0,,10,2,P,,3,0,s,c,l,w,p,t,f,l,s,,
,,,,,,,,,,1,0,,11,2,O,,0,0,f,b,c,u,o,t,f,c,s,n,
,,,,,,,,,,1,0,,11,2,O,,0,1,f,b,l,u,o,t,f,l,s,l,
,,,,,,,,,,1,0,,11,2,O,,0,2,s,w,c,f,o,t,b,c,s,n,
,,,,,,,,,,1,0,,11,2,O,,0,3,f,b,l,w,p,t,b,c,s,,
,,,,,,,,,,1,0,,11,2,O,,1,3,f,b,l,w,o,t,f,l,s,,
,,,,,,,,,,1,0,,11,3,P,,0,0,f,w,c,w,p,t,f,c,s,,
,,,,,,,,,,1,0,,11,3,P,,1,0,f,c,c,w,p,t,f,c,s,,
,,,,,,,,,,1,0,,11,3,P,,2,0,d,,,d,o,,,,,,
,,,,,,,,,,1,0,,11,3,P,,2,1,f,w,l,u,o,t,b,c,s,n,
,,,,,,,,,,1,0,,11,3,P,,2,2,d,,,d,o,,,,,,
,,,,,,,,,,1,0,,11,3,P,,2,3,f,b,c,w,p,t,f,c,s,,
,,,,,,,,,,1,0,,11,3,P,,3,3,f,b,l,f,p,t,f,c,s,,
ANASTASIA ABRAMYAN,,,2018-02-16,HOME,LOSS,,R,,R,0,0,,0,0,P,,0,0,F,B,C,F,O,T,B,C,L,N,
,,,,,,,,,,0,0,,0,0,P,,0,1,F,B,N,F,P,T,B,L,S,N,
,,,,,,,,,,0,0,,0,0,P,,1,1,S,B,C,W,O,T,F,L,M,,
,,,,,,,,,,0,0,,0,0,P,,1,2,S,W,C,U,P,T,B,C,M,N,
,,,,,,,,,,0,0,,0,0,P,,2,2,F,C,N,F,P,T,B,C,S,W,
,,,,,,,,,,0,0,,0,0,P,,3,2,F,W,C,U,O,T,B,C,S,W,
,,,,,,,,,,0,0,,0,0,P,,3,3,F,B,L,F,O,T,F,L,M,N,
,,,,,,,,,,0,0,,0,1,O,,0,0,S,W,C,U,P,T,F,L,M,N,
,,,,,,,,,,0,0,,0,1,O,,1,0,F,W,L,F,O,T,F,C,M,L,
,,,,,,,,,,0,0,,0,1,O,,1,1,F,B,C,U,O,T,F,C,M,L,
,,,,,,,,,,0,0,,0,1,O,,1,2,F,W,L,U,P,T,F,C,M,L,
,,,,,,,,,,0,0,,0,1,O,,2,2,F,W,C,F,O,T,F,L,M,N,
,,,,,,,,,,0,0,,0,1,O,,2,3,F,B,C,U,O,T,B,L,L,L,
,,,,,,,,,,0,0,,0,2,P,,0,0,S,B,C,F,O,S,F,C,S,W,
,,,,,,,,,,0,0,,0,2,P,,0,1,F,W,N,F,P,T,B,L,S,W,
,,,,,,,,,,0,0,,0,2,P,,1,1,D,,,D,O,,,,,,
,,,,,,,,,,0,0,,0,2,P,,1,2,S,W,N,U,P,T,B,C,S,N,
,,,,,,,,,,0,0,,0,2,P,,2,2,F,B,C,U,P,T,F,L,S,N,
,,,,,,,,,,0,0,,0,2,P,,3,2,F,W,N,F,P,T,B,L,S,L,
,,,,,,,,,,0,0,,1,2,O,,0,0,F,W,C,F,P,T,F,C,M,L,
,,,,,,,,,,0,0,,1,2,O,,1,0,S,W,C,U,P,T,B,C,M,L,
,,,,,,,,,,0,0,,1,2,O,,2,0,S,W,N,U,O,T,F,C,S,W,
,,,,,,,,,,0,0,,1,2,O,,2,1,S,W,C,U,O,T,F,C,M,L,
,,,,,,,,,,0,0,,1,2,O,,2,2,F,B,C,U,O,T,F,C,L,N,
,,,,,,,,,,0,0,,1,2,O,,2,3,F,W,C,F,P,T,B,L,L,W,
,,,,,,,,,,0,0,,1,2,O,,3,3,F,W,N,F,O,T,B,C,S,L,
,,,,,,,,,,0,0,,1,3,P,,0,0,F,C,C,F,P,S,F,C,M,W,
,,,,,,,,,,0,0,,1,3,P,,1,0,F,W,C,U,P,T,F,C,M,N,
,,,,,,,,,,0,0,,1,3,P,,2,0,F,B,C,U,O,T,B,C,M,L,
,,,,,,,,,,0,0,,1,3,P,,2,1,F,C,C,U,P,T,F,C,M,L,
,,,,,,,,,,0,0,,1,3,P,,3,1,F,B,L,W,O,T,F,L,S,,
,,,,,,,,,,0,0,,1,3,P,,3,2,D,,,D,O,,,,,,
,,,,,,,,,,0,0,,1,3,P,,3,3,F,W,C,F,P,T,B,C,S,W,
,,,,,,,,,,0,0,,2,3,O,,0,0,D,,,D,P,,,,,,
,,,,,,,,,,0,0,,2,3,O,,1,0,F,B,C,U,O,T,B,L,S,N,
,,,,,,,,,,0,0,,2,3,O,,1,1,F,W,C,U,P,T,B,C,M,L,
,,,,,,,,,,0,0,,2,3,O,,2,1,S,W,L,F,O,T,F,C,M,N,
,,,,,,,,,,0,0,,2,3,O,,2,2,F,B,C,U,P,T,F,L,L,L,
,,,,,,,,,,0,0,,2,3,O,,3,2,F,W,C,U,O,T,B,C,L,W,
,,,,,,,,,,0,0,,2,3,O,,3,3,F,W,C,U,P,T,F,C,L,L,
,,,,,,,,,,0,0,,3,3,P,,0,0,F,B,C,U,P,T,B,C,M,L,
,,,,,,,,,,0,0,,3,3,P,,1,0,F,W,C,W,O,T,F,C,M,,OVERRULED
,,,,,,,,,,0,0,,3,3,P,,1,1,F,C,N,F,P,T,B,C,S,L,
,,,,,,,,,,0,0,,3,3,P,,2,1,,B,C,U,P,T,F,C,M,L,
,,,,,,,,,,0,0,,3,3,P,,3,1,S,C,C,W,O,T,F,C,L,,
,,,,,,,,,,0,0,,3,3,P,,3,2,S,B,C,F,O,T,B,L,L,N,
,,,,,,,,,,0,0,,3,3,P,,3,3,S,W,L,U,O,T,F,C,M,L,
,,,,,,,,,,0,0,,3,4,O,,0,0,D,,,D,P,,,,,,
,,,,,,,,,,0,0,,3,4,O,,1,0,F,W,C,W,O,T,B,L,S,,
,,,,,,,,,,0,0,,3,4,O,,1,1,F,W,C,F,O,S,B,C,M,N,
,,,,,,,,,,0,0,,3,4,O,,1,2,F,W,C,F,O,T,F,C,S,W,
,,,,,,,,,,0,0,,3,4,O,,1,3,D,,,D,P,,,,,,
,,,,,,,,,,0,0,,3,4,O,,2,3,F,W,N,F,O,T,B,C,S,L,
,,,,,,,,,,0,0,,3,5,P,,0,0,F,C,C,U,O,T,F,L,M,W,
,,,,,,,,,,0,0,,3,5,P,,0,1,F,W,C,W,P,T,B,C,L,,
,,,,,,,,,,0,0,,3,5,P,,1,1,F,B,C,W,P,T,F,C,S,,
,,,,,,,,,,0,0,,3,5,P,,2,1,F,W,L,W,O,T,B,C,L,,
,,,,,,,,,,0,0,,3,5,P,,2,2,F,W,L,U,P,T,F,C,S,W,
,,,,,,,,,,0,0,,3,5,P,,3,2,F,B,N,F,P,T,B,C,S,N,
,,,,,,,,,,0,0,,4,5,O,,0,0,F,W,C,W,O,V,B,L,L,,
,,,,,,,,,,0,0,,4,5,O,,0,1,F,B,C,U,O,T,B,L,M,L,
,,,,,,,,,,0,0,,4,5,O,,0,2,F,W,N,F,O,T,F,C,S,L,
,,,,,,,,,,0,0,,4,5,O,,0,3,F,B,C,U,P,T,B,C,M,L,
,,,,,,,,,,0,0,,4,5,O,,1,3,F,W,C,U,P,T,F,C,L,L,
,,,,,,,,,,0,0,,4,5,O,,2,3,F,W,C,U,P,T,F,C,M,W,
,,,,,,,,,,0,0,,4,5,O,,3,3,F,W,C,W,O,T,B,C,L,,
,,,,,,,,,,0,1,,0,0,P,,0,0,F,W,N,F,P,T,F,C,S,N,
,,,,,,,,,,0,1,,0,0,P,,1,0,F,W,L,F,O,T,F,C,L,N,
,,,,,,,,,,0,1,,0,0,P,,1,1,S,B,C,W,P,T,F,L,S,,
,,,,,,,,,,0,1,,0,0,P,,2,1,F,B,N,F,P,T,B,C,S,N,
,,,,,,,,,,0,1,,0,0,P,,3,1,F,C,C,U,O,T,F,C,S,L,
,,,,,,,,,,0,1,,0,0,P,,3,2,F,W,N,F,P,T,B,L,S,W,
,,,,,,,,,,0,1,,1,0,O,,0,0,F,W,C,U,P,T,F,C,M,L,
,,,,,,,,,,0,1,,1,0,O,,1,0,F,B,C,F,P,T,F,L,M,W,
,,,,,,,,,,0,1,,1,0,O,,2,0,F,W,C,F,P,T,B,L,M,L,
,,,,,,,,,,0,1,,1,0,O,,3,0,F,B,C,F,O,S,B,C,M,N,
,,,,,,,,,,0,1,,1,0,O,,3,1,S,W,C,U,O,T,F,L,M,N,
,,,,,,,,,,0,1,,1,0,O,,3,2,F,C,C,W,O,T,F,C,L,,
,,,,,,,,,,0,1,,1,0,O,,3,3,S,W,C,W,O,T,F,C,L,,
,,,,,,,,,,0,1,,1,1,P,,0,0,F,C,C,U,O,T,F,C,M,L,
,,,,,,,,,,0,1,,1,1,P,,0,1,S,W,L,F,O,T,F,C,S,N,
,,,,,,,,,,0,1,,1,1,P,,0,2,S,B,C,U,O,T,F,L,M,W,
,,,,,,,,,,0,1,,1,1,P,,0,3,S,W,L,U,P,T,F,C,M,N,
,,,,,,,,,,0,1,,1,1,P,,1,3,F,C,,A,P,,,,S,,
,,,,,,,,,,0,1,,1,1,P,,2,3,F,W,N,F,P,T,B,L,S,L,
,,,,,,,,,,0,1,,1,1,P,,3,3,F,W,L,U,O,T,F,L,M,N,
,,,,,,,,,,0,1,,1,2,O,,0,0,F,W,C,U,P,O,,L,M,L,
,,,,,,,,,,0,1,,1,2,O,,1,0,F,B,L,U,P,T,F,C,M,L,
,,,,,,,,,,0,1,,1,2,O,,2,0,F,W,C,U,O,T,B,L,M,L,
,,,,,,,,,,0,1,,1,2,O,,2,1,F,B,C,U,P,T,B,L,L,N,
,,,,,,,,,,0,1,,1,2,O,,3,1,F,W,C,F,O,T,F,C,M,L,
,,,,,,,,,,0,1,,1,2,O,,3,2,F,W,C,U,P,T,B,L,M,L,
,,,,,,,,,,0,1,,2,2,P,,0,0,F,C,C,U,O,T,F,C,L,L,
,,,,,,,,,,0,1,,2,2,P,,0,1,F,W,L,W,O,T,F,L,M,,
,,,,,,,,,,0,1,,2,2,P,,0,2,F,C,N,F,P,T,B,C,S,W,
,,,,,,,,,,0,1,,2,2,P,,1,2,S,W,C,W,P,T,B,C,L,,
,,,,,,,,,,0,1,,2,2,P,,2,2,S,W,C,U,P,T,B,L,M,W,
,,,,,,,,,,0,1,,2,2,P,,3,2,S,B,L,F,O,S,F,L,M,L,
,,,,,,,,,,0,1,,2,2,P,,3,3,F,B,C,U,O,T,F,C,M,N,
,,,,,,,,,,0,1,,2,3,O,,0,0,F,W,C,F,P,T,B,L,M,N,
,,,,,,,,,,0,1,,2,3,O,,1,0,F,W,C,W,O,T,F,C,M,,
,,,,,,,,,,0,1,,2,3,O,,1,1,S,W,C,U,O,T,B,C,M,,
,,,,,,,,,,0,1,,2,3,O,,1,2,F,W,C,F,P,V,F,L,M,N,
,,,,,,,,,,0,1,,2,3,O,,2,2,S,B,C,U,P,T,F,L,M,N,
,,,,,,,,,,0,1,,2,3,O,,3,2,F,B,N,F,P,T,F,C,S,N,
,,,,,,,,,,0,1,,3,3,P,,0,0,F,B,C,U,O,T,F,C,M,W,
,,,,,,,,,,0,1,,3,3,P,,0,1,F,W,C,W,P,V,F,C,S,,
,,,,,,,,,,0,1,,3,3,P,,1,1,S,B,C,W,O,T,B,C,S,,
,,,,,,,,,,0,1,,3,3,P,,1,2,F,W,N,F,P,T,B,L,S,L,
,,,,,,,,,,0,1,,3,3,P,,2,2,S,B,N,U,P,T,B,C,S,N,
,,,,,,,,,,0,1,,3,3,P,,3,2,S,B,N,U,P,T,F,C,S,N,
,,,,,,,,,,0,1,,4,3,O,,0,0,F,W,N,F,O,T,F,C,S,W,
,,,,,,,,,,0,1,,4,3,O,,0,1,F,W,C,U,O,T,F,C,M,N,
,,,,,,,,,,0,1,,4,3,O,,0,2,F,B,C,F,O,T,F,C,M,L,
,,,,,,,,,,0,1,,4,3,O,,0,3,F,C,C,F,P,S,F,L,M,N,
,,,,,,,,,,0,1,,4,3,O,,1,3,F,W,C,F,O,T,F,L,M,W,
,,,,,,,,,,0,1,,4,4,P,,0,0,S,B,C,U,O,T,F,L,L,N,
,,,,,,,,,,0,1,,4,4,P,,0,1,F,W,C,U,P,T,F,C,M,W,
,,,,,,,,,,0,1,,4,4,P,,1,1,F,B,N,F,P,T,B,C,S,W,
,,,,,,,,,,0,1,,4,4,P,,2,1,F,W,L,F,P,T,F,C,M,L,
,,,,,,,,,,0,1,,4,4,P,,3,1,S,B,L,F,O,S,B,L,S,N,
,,,,,,,,,,0,1,,4,4,P,,3,2,D,,,D,O,,,,,,
,,,,,,,,,,0,1,,4,4,P,,3,3,F,B,C,U,O,T,F,C,M,L,
,,,,,,,,,,0,1,,4,5,O,,0,0,F,W,C,U,O,T,F,C,M,N,
,,,,,,,,,,0,1,,4,5,O,,0,1,F,W,C,W,P,T,F,L,M,,
,,,,,,,,,,0,1,,4,5,O,,1,1,D,,,D,P,,,,,,
,,,,,,,,,,0,1,,4,5,O,,2,1,F,W,C,F,P,S,F,L,M,N,
,,,,,,,,,,0,1,,4,5,O,,3,1,S,W,C,U,P,T,F,C,S,L,
,,,,,,,,,,0,1,,5,5,P,,0,0,S,C,C,U,P,T,B,C,L,N,
,,,,,,,,,,0,1,,5,5,P,,1,0,S,B,L,W,O,T,B,L,M,,
,,,,,,,,,,0,1,,5,5,P,,1,1,F,C,C,W,P,T,B,C,L,,
,,,,,,,,,,0,1,,5,5,P,,2,1,F,B,L,U,P,T,F,L,M,W,
,,,,,,,,,,0,1,,5,5,P,,3,1,D,,,D,O,,,,,,
,,,,,,,,,,0,1,,5,5,P,,3,2,S,B,L,F,P,T,F,C,S,L,
,,,,,,,,,,0,1,,6,5,O,,0,0,F,W,C,U,P,T,B,L,M,L,
,,,,,,,,,,0,1,,6,5,O,,1,0,F,W,N,F,O,T,B,C,S,N,
,,,,,,,,,,0,1,,6,5,O,,1,1,S,W,C,U,O,T,F,C,M,N,
,,,,,,,,,,0,1,,6,5,O,,1,2,F,W,C,W,O,T,F,C,M,,
,,,,,,,,,,0,1,,6,5,O,,1,3,F,B,C,U,P,T,F,L,L,N,
,,,,,,,,,,0,1,,6,5,O,,2,3,F,W,N,F,O,T,F,L,S,L,
,,,,,,,,,,0,1,,6,6,P,,0,0,F,B,C,U,O,T,F,L,M,N,
,,,,,,,,,,0,1,,6,6,O,,0,1,D,,,D,P,,,,,,
,,,,,,,,,,0,1,,6,6,O,,1,1,F,W,N,F,O,T,F,C,S,N,
,,,,,,,,,,0,1,,6,6,P,,1,2,S,W,C,F,O,T,B,C,S,W,
,,,,,,,,,,0,1,,6,6,P,,1,3,F,B,L,U,O,T,F,C,L,N,
,,,,,,,,,,0,1,,6,6,O,,1,4,F,W,C,F,O,S,B,C,M,W,
,,,,,,,,,,0,1,,6,6,O,,1,5,F,W,C,F,P,T,B,C,L,N,
,,,,,,,,,,0,1,,6,6,P,,2,5,S,B,C,U,O,T,F,L,M,L,
,,,,,,,,,,0,1,,6,6,P,,2,6,S,B,C,U,O,T,F,C,S,L,
Polina Malykh,,,2018-01-26,,W,,,,,0,0,,0,0,P,,0,0,F,B,C,F,P,T,F,C,S,,
,,,,,,,,,,0,0,,0,0,P,,2,0,S,B,C,U,O,T,F,C,S,N,
,,,,,,,,,,0,0,,0,0,P,,2,1,F,B,C,F,P,T,F,C,S,L,
,,,,,,,,,,0,0,,0,0,P,,3,1,F,W,C,U,P,T,F,C,S,L,
,,,,,,,,,,0,0,,1,0,O,,0,1,F,W,C,F,P,T,B,C,S,,
,,,,,,,,,,0,0,,1,0,O,,1,1,F,W,L,F,P,T,B,L,M,N,
,,,,,,,,,,0,0,,1,0,O,,2,1,F,C,C,U,P,T,B,L,S,,
,,,,,,,,,,0,0,,1,0,O,,3,1,F,W,C,U,O,T,B,C,S,N,
,,,,,,,,,,0,0,,1,0,O,,3,2,F,W,C,U,P,T,F,L,S,L,
,,,,,,,,,,0,0,,2,0,P,,0,0,S,W,C,U,P,T,F,C,S,N,
,,,,,,,,,,0,0,,2,0,P,,1,0,F,B,C,U,P,T,F,L,S,L,
,,,,,,,,,,0,0,,2,0,P,,2,0,F,B,C,U,O,T,B,C,S,N,
,,,,,,,,,,0,0,,2,0,P,,2,1,F,W,C,F,P,T,F,C,S,N,
,,,,,,,,,,0,0,,2,0,P,,3,1,S,W,C,U,O,T,F,C,S,N,
,,,,,,,,,,0,0,,2,0,P,,3,2,F,B,C,F,P,T,B,C,S,L,
,,,,,,,,,,0,0,,3,0,O,,0,0,D,,,D,P,,,,,,
,,,,,,,,,,0,0,,3,0,O,,1,0,F,C,L,U,O,T,B,L,S,N,
,,,,,,,,,,0,0,,3,0,O,,2,1,F,W,C,U,P,T,B,C,S,L,
,,,,,,,,,,0,0,,3,0,O,,3,1,S,B,L,W,P,T,B,L,S,,
,,,,,,,,,,0,0,,4,0,P,,0,1,F,W,L,W,P,T,B,L,S,,
,,,,,,,,,,0,0,,4,0,P,,1,1,F,C,L,W,P,T,B,C,S,,
,,,,,,,,,,0,0,,4,0,P,,2,1,F,W,C,W,P,T,B,C,S,,
,,,,,,,,,,0,0,,4,0,P,,3,1,F,W,C,F,P,T,B,C,S,N,
,,,,,,,,,,0,0,,5,0,O,,0,0,F,B,C,W,P,V,B,C,S,,
,,,,,,,,,,0,0,,5,0,O,,1,0,F,B,C,W,P,T,F,C,S,,
,,,,,,,,,,0,0,,5,0,O,,2,0,F,C,L,U,O,T,F,L,S,N,
,,,,,,,,,,0,0,,5,0,O,,2,2,F,B,C,U,O,T,F,C,S,N,
,,,,,,,,,,0,0,,5,0,O,,2,3,F,W,L,W,O,S,B,L,M,,
,,,,,,,,,,0,0,,5,1,P,,0,0,F,C,L,U,P,V,B,L,S,N,
,,,,,,,,,,0,0,,5,1,P,,1,0,S,B,C,F,P,T,B,C,S,N,
,,,,,,,,,,0,0,,5,1,P,,2,2,S,B,C,U,O,T,B,C,M,L,
,,,,,,,,,,0,0,,5,1,P,,2,3,S,C,C,W,P,T,B,C,M,,
,,,,,,,,,,0,0,,5,1,P,,3,3,F,B,L,U,O,T,F,L,S,W,
,,,,,,,,,,0,0,,5,2,O,,0,0,F,W,C,U,P,T,F,C,S,N,
,,,,,,,,,,0,0,,5,2,O,,1,0,F,W,C,F,P,T,F,L,M,N,
,,,,,,,,,,0,0,,5,2,O,,2,0,S,W,L,U,P,T,F,C,S,W,
,,,,,,,,,,0,0,,5,2,O,,3,0,F,W,C,U,O,T,F,C,M,W,
,,,,,,,,,,0,0,,5,2,O,,3,1,F,W,C,U,O,T,F,C,S,L,
,,,,,,,,,,0,0,,5,2,O,,3,2,F,C,L,W,P,T,F,C,S,,
,,,,,,,,,,1,0,,0,0,P,,1,0,D,,,D,O,,,,,,
,,,,,,,,,,1,0,,0,0,P,,1,1,F,W,C,F,P,T,F,L,S,N,
,,,,,,,,,,1,0,,0,0,P,,2,1,F,C,,A,P,,,,,,
,,,,,,,,,,1,0,,0,0,P,,3,1,S,W,C,U,P,T,F,C,S,N,
,,,,,,,,,,1,0,,1,0,O,,0,0,F,W,L,W,P,T,F,C,S,,
,,,,,,,,,,1,0,,1,0,O,,1,0,S,W,C,W,P,T,F,C,S,,
,,,,,,,,,,1,0,,1,0,O,,2,0,S,W,L,U,O,T,F,L,S,N,
,,,,,,,,,,1,0,,1,0,O,,2,1,F,W,C,U,P,T,B,L,S,N,
,,,,,,,,,,1,0,,1,0,O,,3,1,F,W,C,F,O,T,F,C,S,W,
,,,,,,,,,,1,0,,1,0,O,,3,2,F,W,C,W,P,T,B,C,S,,
,,,,,,,,,,1,0,,2,0,P,,0,0,F,C,,A,P,,,,,,
,,,,,,,,,,1,0,,2,0,P,,1,0,S,B,L,U,O,T,B,L,S,L,
,,,,,,,,,,1,0,,2,0,P,,1,1,S,W,C,W,P,O,F,L,M,,
,,,,,,,,,,1,0,,2,0,P,,2,1,F,C,,A,P,,,,,,
,,,,,,,,,,1,0,,2,0,P,,3,1,S,W,,A,P,,,,,,
,,,,,,,,,,1,0,,3,0,O,,0,0,F,W,C,U,O,T,F,C,S,N,
,,,,,,,,,,1,0,,3,0,O,,0,1,F,C,C,U,P,T,F,L,S,L,
,,,,,,,,,,1,0,,3,0,O,,1,1,F,W,C,U,O,T,F,C,S,N,
,,,,,,,,,,1,0,,3,0,O,,1,2,F,C,C,F,P,T,F,C,S,N,
,,,,,,,,,,1,0,,3,0,O,,2,2,S,C,C,W,P,V,F,L,S,,
,,,,,,,,,,1,0,,3,0,O,,3,2,F,C,C,U,O,T,F,C,S,N,
,,,,,,,,,,1,0,,3,0,O,,3,3,,,,,O,,,,,,
,,,,,,,,,,1,0,,3,1,P,,0,0,S,W,C,F,P,T,F,C,S,W,
,,,,,,,,,,1,0,,3,1,P,,1,0,D,,,D,O,,,,,,
,,,,,,,,,,1,0,,3,1,P,,1,1,S,W,C,U,P,T,B,C,M,W,
,,,,,,,,,,1,0,,3,1,P,,2,1,F,C,,A,P,,,,,,
,,,,,,,,,,1,0,,3,1,P,,3,1,F,W,,A,P,,,,,,
,,,,,,,,,,1,0,,4,1,O,,0,0,S,C,L,U,O,T,F,L,S,N,
,,,,,,,,,,1,0,,4,1,O,,0,1,S,B,C,U,O,T,F,C,M,W,
,,,,,,,,,,1,0,,4,1,O,,0,2,F,C,C,U,O,T,F,C,S,W,
,,,,,,,,,,1,0,,4,1,O,,0,3,S,B,C,W,P,T,F,L,S,,
,,,,,,,,,,1,0,,4,1,O,,1,3,F,B,L,W,O,T,F,,,,
,,,,,,,,,,1,0,,4,2,P,,0,0,S,W,C,W,O,T,B,L,S,,
,,,,,,,,,,1,0,,4,2,P,,0,1,S,B,C,W,O,T,B,L,S,,
,,,,,,,,,,1,0,,4,2,P,,0,2,S,B,C,U,O,O,F,L,S,N,
,,,,,,,,,,1,0,,4,2,P,,0,3,F,B,C,W,P,O,F,L,S,,
,,,,,,,,,,1,0,,4,2,P,,1,3,S,B,C,U,P,L,F,L,M,L,
,,,,,,,,,,1,0,,4,2,P,,2,3,F,B,C,U,O,T,F,C,S,N,
,,,,,,,,,,1,0,,4,3,O,,0,0,F,W,L,U,P,T,B,C,S,W,
,,,,,,,,,,1,0,,4,3,O,,1,0,F,B,L,U,O,T,,,,,
,,,,,,,,,,1,0,,4,3,O,,1,1,S,C,L,U,P,T,F,L,S,L,
,,,,,,,,,,1,0,,4,3,O,,2,1,F,C,L,W,O,V,F,L,S,,
,,,,,,,,,,1,0,,4,3,O,,2,2,S,C,C,U,O,T,F,C,S,N,
,,,,,,,,,,1,0,,4,3,O,,2,3,D,,,D,P,,,,,,
,,,,,,,,,,1,0,,4,3,O,,3,3,F,C,L,U,P,T,F,C,M,N,
,,,,,,,,,,1,0,,5,3,P,,0,0,S,B,C,U,O,T,F,C,S,N,
,,,,,,,,,,1,0,,5,3,P,,0,1,S,C,C,U,P,T,B,C,S,N,
,,,,,,,,,,1,0,,5,3,P,,1,1,F,B,C,W,P,T,B,C,S,,
,,,,,,,,,,1,0,,5,3,P,,2,1,S,B,L,F,P,T,F,L,S,L,
,,,,,,,,,,1,0,,5,3,P,,3,1,S,W,C,U,O,T,F,C,S,N,
,,,,,,,,,,1,0,,5,3,P,,3,2,S,C,C,U,P,T,B,C,S,W,
Polina Malykh,,,2018-02-16,HOME,,,R,,R,0,0,,0,0,o,,0,0,S,B,C,W,P,T,F,C,S,,
,,,,,,,,,,0,0,,0,0,o,,1,0,S,B,L,W,P,T,F,C,S,,
,,,,,,,,,,0,0,,0,0,o,,2,0,S,C,C,F,O,T,F,C,S,N,
,,,,,,,,,,0,0,,0,0,o,,2,1,F,C,C,W,O,T,F,C,S,,
,,,,,,,,,,0,0,,0,0,o,,2,2,F,W,L,F,O,S,F,C,S,N,
,,,,,,,,,,0,0,,0,0,o,,2,3,S,B,C,U,P,T,F,C,M,W,
,,,,,,,,,,0,0,,0,0,o,,3,3,S,B,C,W,P,S,F,L,S,,
,,,,,,,,,,0,0,,1,0,P,,0,0,D,,,D,O,,,,,,
,,,,,,,,,,0,0,,1,0,P,,0,1,D,,,D,O,,,,,,
,,,,,,,,,,0,0,,1,0,P,,0,2,F,W,C,F,P,S,B,L,M,N,
,,,,,,,,,,0,0,,1,0,P,,1,2,F,C,L,U,O,T,F,L,M,L,
,,,,,,,,,,0,0,,1,0,P,,1,3,S,B,C,U,O,T,F,C,S,L,
,,,,,,,,,,0,0,,1,1,O,,0,0,F,W,N,W,O,T,F,L,S,N,
,,,,,,,,,,0,0,,1,1,O,,0,1,S,W,C,U,P,T,F,L,S,N,
,,,,,,,,,,0,0,,1,1,O,,1,1,F,B,L,W,O,T,B,C,S,,
,,,,,,,,,,0,0,,1,1,O,,1,2,F,B,C,W,P,T,F,C,M,,
,,,,,,,,,,0,0,,1,1,O,,2,2,F,B,C,W,P,T,F,C,M,,
,,,,,,,,,,0,0,,1,1,O,,3,2,F,B,C,U,O,T,F,L,S,N,
,,,,,,,,,,0,0,,1,1,O,,3,3,S,B,L,F,O,T,F,C,S,L,
,,,,,,,,,,0,0,,1,2,P,,0,0,F,B,C,F,O,T,B,L,S,L,
,,,,,,,,,,0,0,,1,2,P,,0,1,D,,,D,O,,,,,,
,,,,,,,,,,0,0,,1,2,P,,0,2,S,B,L,U,P,O,F,C,M,L,
,,,,,,,,,,0,0,,1,2,P,,1,2,F,B,C,U,O,T,B,C,S,W,
,,,,,,,,,,0,0,,1,2,P,,1,3,F,B,C,U,O,T,F,C,S,W,
,,,,,,,,,,0,0,,1,3,O,,0,0,D,,,D,P,,,,,,
,,,,,,,,,,0,0,,1,3,O,,1,0,F,B,C,W,P,S,F,C,S,,
,,,,,,,,,,0,0,,1,3,O,,2,0,S,C,C,U,P,T,B,C,S,L,
,,,,,,,,,,0,0,,1,3,O,,3,0,F,C,L,F,O,T,B,L,M,L,
,,,,,,,,,,0,0,,1,3,O,,3,1,F,B,C,F,P,S,B,C,M,L,
,,,,,,,,,,0,0,,2,3,P,,0,0,F,W,L,U,O,T,F,C,M,N,
,,,,,,,,,,0,0,,2,3,P,,0,1,S,B,L,U,O,T,F,C,S,N,
,,,,,,,,,,0,0,,2,3,P,,0,2,S,B,L,U,P,T,F,C,M,L,
,,,,,,,,,,0,0,,2,3,P,,1,2,F,B,L,F,P,S,F,C,S,N,
,,,,,,,,,,0,0,,2,3,P,,2,2,F,C,C,W,P,T,F,C,S,,
,,,,,,,,,,0,0,,2,3,P,,3,2,F,B,C,W,P,T,B,L,S,,
,,,,,,,,,,0,0,,3,3,O,,0,0,F,C,L,W,P,T,B,C,S,,
,,,,,,,,,,0,0,,3,3,O,,1,0,S,C,L,F,P,T,F,C,M,N,
,,,,,,,,,,0,0,,3,3,O,,2,0,F,B,C,W,P,T,B,L,S,,
,,,,,,,,,,0,0,,3,3,O,,3,0,F,B,L,F,P,S,B,C,M,N,
,,,,,,,,,,0,0,,4,3,P,,0,0,F,W,,A,P,,,,,,
,,,,,,,,,,0,0,,4,3,P,,1,0,S,B,L,U,O,T,F,L,S,N,
,,,,,,,,,,0,0,,4,3,P,,1,1,F,B,C,U,P,T,F,L,S,L,
,,,,,,,,,,0,0,,4,3,P,,2,1,F,B,C,W,P,T,B,C,S,,
,,,,,,,,,,0,0,,4,3,P,,3,1,S,B,C,W,P,S,B,L,S,,
,,,,,,,,,,0,0,,5,3,O,,0,0,S,B,N,W,O,,,,,,
,,,,,,,,,,0,0,,5,3,O,,0,1,S,B,L,W,P,T,B,L,S,,
,,,,,,,,,,0,0,,5,3,O,,1,1,S,B,C,U,O,T,F,L,M,N,
,,,,,,,,,,0,0,,5,3,O,,1,2,S,C,L,W,O,S,F,C,S,,
,,,,,,,,,,0,0,,5,3,O,,1,3,S,B,L,U,O,T,F,C,S,N,
,,,,,,,,,,0,0,,5,4,P,,0,0,F,C,L,W,P,T,F,L,S,,
,,,,,,,,,,0,0,,5,4,P,,1,0,D,,,D,O,,,,,,
,,,,,,,,,,0,0,,5,4,P,,1,1,F,C,L,W,O,S,F,C,S,,
,,,,,,,,,,0,0,,5,4,P,,1,2,S,B,L,U,O,T,B,L,S,N,
,,,,,,,,,,0,0,,5,4,P,,1,3,S,C,L,U,O,T,F,C,S,L,
,,,,,,,,,,0,0,,5,5,O,,0,0,F,C,L,W,O,O,F,C,S,,
,,,,,,,,,,0,0,,5,5,O,,0,1,F,B,C,U,O,T,F,C,S,N,
,,,,,,,,,,0,0,,5,5,O,,0,2,D,,,D,P,,,,,,
,,,,,,,,,,0,0,,5,5,O,,1,2,F,C,C,U,O,T,F,C,S,L,
,,,,,,,,,,0,0,,5,5,O,,1,3,F,W,C,U,P,T,F,L,S,N,
,,,,,,,,,,0,0,,6,5,P,,0,0,D,,,D,O,,,,,,
,,,,,,,,,,0,0,,6,5,P,,0,1,S,B,L,W,O,T,F,C,S,,
,,,,,,,,,,0,0,,6,5,P,,0,2,F,C,L,W,O,S,B,L,S,,
,,,,,,,,,,0,0,,6,5,P,,0,3,F,C,L,W,P,T,B,C,L,,
,,,,,,,,,,0,0,,6,5,P,,1,3,F,C,C,,P,T,B,L,S,,
,,,,,,,,,,0,0,,6,5,P,,2,3,F,C,L,U,P,S,B,L,S,N,
,,,,,,,,,,0,0,,6,5,P,,3,3,F,C,L,W,O,T,F,C,M,,
,,,,,,,,,,0,1,,6,6,O,,0,0,F,W,C,U,P,T,B,L,S,N,
,,,,,,,,,,0,1,,6,6,O,,1,0,F,C,L,W,P,O,F,C,S,,
,,,,,,,,,,0,1,,6,6,O,,2,0,F,B,L,W,P,T,F,C,S,,
,,,,,,,,,,0,1,,6,6,O,,3,0,S,B,C,U,P,T,F,C,M,L,
,,,,,,,,,,0,1,,6,6,O,,0,0,S,B,C,W,O,T,F,L,S,,
,,,,,,,,,,0,1,,6,6,P,,0,2,F,B,C,W,P,T,F,C,S,,
,,,,,,,,,,0,1,,6,6,P,,1,2,F,B,L,W,P,T,B,C,S,,
,,,,,,,,,,0,1,,6,6,P,,2,2,F,C,L,W,P,S,F,C,S,,
,,,,,,,,,,0,1,,6,6,P,,3,2,S,B,L,F,P,S,B,C,M,L,
,,,,,,,,,,0,1,,0,0,P,,0,0,S,B,L,U,P,S,B,L,S,N,
,,,,,,,,,,0,1,,0,0,P,,1,0,F,B,L,W,O,T,F,L,S,,
,,,,,,,,,,0,1,,0,0,P,,1,1,F,C,L,W,O,S,F,L,M,,
,,,,,,,,,,0,1,,0,0,P,,1,2,F,C,N,W,P,,,,,,
,,,,,,,,,,0,1,,0,0,P,,2,2,F,B,C,F,P,S,F,C,S,N,
,,,,,,,,,,0,1,,0,0,P,,3,2,F,C,L,W,P,T,F,L,S,,
,,,,,,,,,,0,1,,1,0,O,,0,0,F,B,C,W,O,S,F,C,S,,
,,,,,,,,,,0,1,,1,0,O,,0,1,F,B,C,W,O,S,B,C,S,,
,,,,,,,,,,0,1,,1,0,O,,0,2,F,,,A,O,,,,,,
,,,,,,,,,,0,1,,1,0,O,,0,3,F,B,C,W,O,T,F,C,S,,
,,,,,,,,,,0,1,,1,1,P,,0,0,F,,,A,P,,,,,,
,,,,,,,,,,0,1,,1,1,P,,1,0,F,B,C,W,P,T,F,C,S,,
,,,,,,,,,,0,1,,1,1,P,,2,0,F,C,L,U,O,S,F,C,S,N,
,,,,,,,,,,0,1,,1,1,P,,2,1,S,C,C,U,O,T,B,L,M,N,
,,,,,,,,,,0,1,,1,1,P,,2,2,F,C,L,F,O,S,F,C,M,N,
,,,,,,,,,,0,1,,1,1,P,,2,3,F,W,C,F,P,T,B,C,S,W,
,,,,,,,,,,0,1,,1,1,P,,3,3,F,C,L,W,P,T,F,C,S,,
,,,,,,,,,,0,1,,2,1,O,,0,0,S,B,C,U,O,T,F,C,S,N,
,,,,,,,,,,0,1,,2,1,O,,0,1,S,B,C,W,O,O,F,C,S,,
,,,,,,,,,,0,1,,2,1,O,,0,2,S,B,N,W,O,,,,,,
,,,,,,,,,,0,1,,2,1,O,,0,3,S,B,C,W,P,T,F,C,S,,
,,,,,,,,,,0,1,,2,1,P,,1,3,F,C,C,W,P,T,F,C,S,,
,,,,,,,,,,0,1,,2,1,P,,0,0,F,C,N,W,P,,,,,,
,,,,,,,,,,0,1,,2,1,P,,1,0,S,C,C,W,O,T,F,C,S,,
,,,,,,,,,,0,1,,2,1,P,,1,1,F,C,C,F,O,S,F,C,S,L,
,,,,,,,,,,0,1,,2,1,P,,1,2,S,C,L,W,P,T,F,C,L,,
,,,,,,,,,,0,1,,2,1,P,,2,2,S,B,C,W,P,T,F,C,S,,
,,,,,,,,,,0,1,,2,1,P,,3,2,F,,,A,P,,,,,,
,,,,,,,,,,0,1,,3,2,O,,0,0,S,B,C,F,O,T,F,C,M,N,
,,,,,,,,,,0,1,,3,2,O,,0,1,F,B,C,W,P,T,F,C,S,,
,,,,,,,,,,0,1,,3,2,O,,1,1,F,C,L,W,P,T,F,C,S,,
,,,,,,,,,,0,1,,3,2,O,,2,1,F,C,C,U,O,T,B,C,S,N,
,,,,,,,,,,0,1,,3,2,O,,2,2,S,B,C,F,O,T,F,C,S,N,
,,,,,,,,,,0,1,,3,2,O,,2,3,D,,,D,P,,,,,,
,,,,,,,,,,0,1,,3,2,O,,3,3,S,B,C,F,P,T,F,C,M,N,
,,,,,,,,,,0,1,,4,2,P,,0,0,S,C,L,W,P,T,B,L,S,,
,,,,,,,,,,0,1,,4,2,P,,1,0,F,W,C,W,O,O,F,C,S,,
,,,,,,,,,,0,1,,4,2,P,,1,1,S,W,C,W,O,T,B,L,S,,
,,,,,,,,,,0,1,,4,2,P,,1,2,F,C,C,F,O,T,B,L,S,W,
,,,,,,,,,,0,1,,4,2,P,,1,3,F,C,C,W,P,S,F,C,S,,
,,,,,,,,,,0,1,,4,2,P,,2,3,F,C,L,U,O,T,F,C,M,N,
,,,,,,,,,,0,1,,4,3,O,,0,0,F,,,A,O,,,,,,
,,,,,,,,,,0,1,,4,3,O,,0,1,F,C,L,W,P,T,F,C,S,,
,,,,,,,,,,0,1,,4,3,O,,1,1,F,C,L,F,O,S,B,C,S,N,
,,,,,,,,,,0,1,,4,3,O,,1,2,F,C,L,W,P,T,F,L,S,,
,,,,,,,,,,0,1,,4,3,O,,2,2,F,C,N,W,O,T,B,C,S,,
,,,,,,,,,,0,1,,4,3,O,,2,3,F,C,L,U,P,T,F,C,S,N,
,,,,,,,,,,0,1,,4,3,O,,3,3,F,C,C,W,O,T,B,L,M,,
,,,,,,,,,,0,1,,4,4,P,,0,0,F,C,C,W,O,T,F,C,S,,
,,,,,,,,,,0,1,,4,4,P,,0,1,S,C,C,W,O,S,F,L,S,,
,,,,,,,,,,0,1,,4,4,P,,0,2,F,W,L,W,P,T,F,C,S,,
,,,,,,,,,,0,1,,4,4,P,,1,2,F,B,C,W,P,T,F,L,S,,
,,,,,,,,,,0,1,,4,4,P,,2,2,F,W,L,U,P,S,F,C,L,W,
,,,,,,,,,,0,1,,4,4,P,,3,2,F,C,N,W,P,,,,,,
,,,,,,,,,,0,1,,5,4,O,,0,0,F,B,C,U,P,T,B,C,S,N,
,,,,,,,,,,0,1,,5,4,O,,1,0,F,C,L,U,P,T,B,L,S,N,
,,,,,,,,,,0,1,,5,4,O,,2,0,F,B,C,W,O,T,F,C,M,,
,,,,,,,,,,0,1,,5,4,O,,2,1,D,,,D,P,,,,,,
,,,,,,,,,,0,1,,5,4,O,,3,1,F,B,C,U,O,T,F,C,M,N,
,,,,,,,,,,0,1,,5,4,O,,3,2,F,C,L,W,P,T,F,C,S,,
TAYLA BECKMAN,,,2018-02-16,HOME,,,R,,R,0,0,,0,0,O,,0,0,F,W,N,F,O,T,F,L,S,L,
,,,,,,,,,,0,0,,0,0,O,,0,1,F,W,C,U,P,T,F,C,M,L,
,,,,,,,,,,0,0,,0,0,O,,1,1,F,B,C,W,O,T,F,C,M,,
,,,,,,,,,,0,0,,0,0,O,,1,2,F,B,C,U,O,T,F,C,M,L,
,,,,,,,,,,0,0,,0,0,O,,1,3,F,C,C,W,P,S,F,L,M,,
,,,,,,,,,,0,0,,0,0,O,,2,3,S,B,C,U,P,T,F,L,M,L,
,,,,,,,,,,0,0,,0,0,O,,3,3,F,B,C,W,P,T,B,L,L,,
,,,,,,,,,,0,0,,1,0,P,,0,0,F,C,L,F,P,T,B,C,M,W,
,,,,,,,,,,0,0,,1,0,P,,1,0,F,C,C,F,P,T,F,L,S,N,
,,,,,,,,,,0,0,,1,0,P,,2,0,F,C,N,F,P,S,F,L,S,L,
,,,,,,,,,,0,0,,1,0,P,,3,0,D,,,D,O,,,,,,
,,,,,,,,,,0,0,,1,0,P,,3,1,F,C,,A,P,,,,S,,
,,,,,,,,,,0,0,,2,0,O,,0,0,F,W,N,F,O,T,F,C,S,L,
,,,,,,,,,,0,0,,2,0,O,,0,1,F,C,C,U,P,T,F,L,M,W,
,,,,,,,,,,0,0,,2,0,O,,1,1,S,W,C,W,P,T,F,C,M,,
,,,,,,,,,,0,0,,2,0,O,,2,1,S,B,N,F,O,T,F,C,S,L,
,,,,,,,,,,0,0,,2,0,O,,2,2,S,W,L,W,O,T,F,C,S,,
,,,,,,,,,,0,0,,2,0,O,,2,3,D,,,D,P,,,,,,
,,,,,,,,,,0,0,,2,0,O,,3,3,F,B,C,U,O,T,B,L,S,N,
,,,,,,,,,,0,0,,2,1,P,,0,0,F,B,C,U,O,T,F,C,M,L,
,,,,,,,,,,0,0,,2,1,P,,0,1,F,C,N,F,P,S,F,C,S,L,
,,,,,,,,,,0,0,,2,1,P,,1,1,S,B,C,U,O,T,F,L,S,W,
,,,,,,,,,,0,0,,2,1,P,,1,2,D,,,D,O,,,,,,
,,,,,,,,,,0,0,,2,1,P,,1,3,F,W,C,U,O,T,F,C,S,L,
,,,,,,,,,,0,0,,2,2,O,,0,0,F,B,C,U,P,T,F,L,S,L,
,,,,,,,,,,0,0,,2,2,O,,1,0,F,C,C,U,O,T,B,L,S,L,
,,,,,,,,,,0,0,,2,2,O,,1,1,D,,,D,P,,,,,,
,,,,,,,,,,0,0,,2,2,O,,2,1,S,W,C,U,O,T,B,L,M,W,
,,,,,,,,,,0,0,,2,2,O,,2,2,S,W,C,W,P,T,B,C,M,,
,,,,,,,,,,0,0,,2,2,O,,3,2,F,B,N,F,O,T,F,C,S,N,
,,,,,,,,,,0,0,,2,2,O,,3,3,F,C,C,F,P,T,B,C,L,N,
,,,,,,,,,,0,0,,3,2,P,,0,0,S,C,C,F,O,T,B,L,M,L,
,,,,,,,,,,0,0,,3,2,P,,0,1,F,B,C,W,O,V,F,C,M,,
,,,,,,,,,,0,0,,3,2,P,,0,2,F,W,N,,P,T,F,C,S,L,
,,,,,,,,,,0,0,,3,2,P,,1,2,F,C,N,F,P,T,F,C,S,N,
,,,,,,,,,,0,0,,3,2,P,,2,2,F,W,N,F,P,T,F,C,S,N,
,,,,,,,,,,0,0,,3,2,P,,3,2,S,W,C,W,P,T,B,L,S,,
,,,,,,,,,,0,0,,4,2,O,,0,0,F,B,C,U,P,T,F,C,M,L,
,,,,,,,,,,0,0,,4,2,O,,1,0,F,B,C,U,P,T,F,L,M,W,
,,,,,,,,,,0,0,,4,2,O,,2,0,,,,,P,,,,,,MISSED THIS POINT
,,,,,,,,,,0,0,,4,2,O,,3,0,F,C,C,U,O,T,F,C,M,L,
,,,,,,,,,,0,0,,4,2,O,,3,1,F,W,N,F,O,S,F,C,S,L,
,,,,,,,,,,0,0,,4,2,O,,3,2,S,C,C,U,P,T,B,C,M,L,
,,,,,,,,,,0,0,,5,2,P,,0,0,F,W,C,W,P,T,F,C,S,,
,,,,,,,,,,0,0,,5,2,P,,1,0,F,W,,A,P,,,,S,,
,,,,,,,,,,0,0,,5,2,P,,2,0,F,C,,A,P,,,,S,,
,,,,,,,,,,0,0,,5,2,P,,3,0,S,W,C,F,O,T,B,C,S,N,
,,,,,,,,,,0,0,,5,2,P,,3,1,F,W,C,W,P,T,F,L,S,,
,,,,,,,,,,1,0,,0,0,O,,0,0,F,W,C,F,P,T,F,C,M,N,
,,,,,,,,,,1,0,,0,0,O,,1,0,F,C,C,W,O,T,F,L,M,,
,,,,,,,,,,1,0,,0,0,O,,1,1,S,B,C,U,O,T,F,L,L,L,
,,,,,,,,,,1,0,,0,0,O,,1,2,D,,,D,P,,,,,,
,,,,,,,,,,1,0,,0,0,O,,2,2,F,W,N,F,O,T,F,C,S,N,
,,,,,,,,,,1,0,,0,0,O,,2,3,S,W,N,F,O,T,B,C,S,W,
,,,,,,,,,,1,0,,0,1,P,,0,0,F,W,C,U,O,T,F,C,M,N,
,,,,,,,,,,1,0,,0,1,P,,0,1,S,W,N,F,P,T,B,C,S,L,
,,,,,,,,,,1,0,,0,1,P,,1,1,S,B,C,U,O,T,F,C,M,N,
,,,,,,,,,,1,0,,0,1,P,,1,2,S,W,C,U,O,T,F,C,M,W,
,,,,,,,,,,1,0,,0,1,P,,1,3,F,W,C,W,O,T,F,L,L,,
,,,,,,,,,,1,0,,0,2,O,,0,0,S,W,N,F,O,T,F,C,S,L,
,,,,,,,,,,1,0,,0,2,O,,0,1,F,B,C,U,P,T,F,C,M,W,
,,,,,,,,,,1,0,,0,2,O,,1,1,S,W,C,W,P,T,F,L,M,,
,,,,,,,,,,1,0,,0,2,O,,2,1,F,W,N,F,O,T,F,L,S,L,
,,,,,,,,,,1,0,,0,2,O,,2,2,F,W,C,F,O,V,F,L,M,N,
,,,,,,,,,,1,0,,0,2,O,,2,3,S,B,C,U,P,T,F,C,M,L,
,,,,,,,,,,1,0,,0,2,O,,3,3,S,W,C,F,P,T,B,C,M,N,
,,,,,,,,,,1,0,,1,2,P,,0,0,S,B,C,F,O,V,F,L,M,W,
,,,,,,,,,,1,0,,1,2,P,,0,1,S,W,C,U,O,T,B,C,M,N,
,,,,,,,,,,1,0,,1,2,P,,0,2,S,B,C,U,P,T,F,C,M,W,
,,,,,,,,,,1,0,,1,2,P,,1,2,F,C,L,U,O,T,F,C,M,N,
,,,,,,,,,,1,0,,1,2,P,,1,3,F,C,N,F,P,T,B,C,S,N,
,,,,,,,,,,1,0,,1,2,P,,2,3,F,C,N,F,P,T,F,C,S,W,
,,,,,,,,,,1,0,,1,2,P,,3,3,F,C,L,W,O,T,F,L,S,,
,,,,,,,,,,1,0,,1,3,O,,0,0,F,W,N,F,O,T,B,L,S,L,
,,,,,,,,,,1,0,,1,3,O,,0,1,S,B,C,U,P,T,B,L,L,N,
,,,,,,,,,,1,0,,1,3,O,,1,1,S,W,N,U,O,T,F,C,S,L,
,,,,,,,,,,1,0,,1,3,O,,1,2,F,W,N,F,O,T,B,C,S,N,
,,,,,,,,,,1,0,,1,3,O,,1,3,F,W,C,F,O,S,F,L,S,W,
,,,,,,,,,,1,0,,1,4,P,,0,0,F,B,C,U,O,T,F,C,S,L,
,,,,,,,,,,1,0,,1,4,P,,0,1,F,C,N,F,P,T,F,C,S,W,
,,,,,,,,,,1,0,,1,4,P,,1,1,S,C,C,F,O,T,F,L,M,W,
,,,,,,,,,,1,0,,1,4,P,,1,2,D,,,D,O,,,,,,
,,,,,,,,,,1,0,,1,4,P,,1,3,S,B,L,U,O,T,B,L,S,N,
,,,,,,,,,,1,0,,1,5,O,,0,0,F,W,N,F,O,T,F,L,S,L,
,,,,,,,,,,1,0,,1,5,O,,0,1,S,B,C,U,P,T,F,L,L,L,
,,,,,,,,,,1,0,,1,5,O,,1,1,S,B,C,F,P,T,F,C,M,L,
,,,,,,,,,,1,0,,1,5,O,,2,1,F,C,C,W,O,T,F,L,S,,
,,,,,,,,,,1,0,,1,5,O,,2,2,D,,,D,P,,,,,,
,,,,,,,,,,1,0,,1,5,O,,3,2,F,B,C,F,P,T,B,C,M,N,
,,,,,,,,,,1,0,,2,5,P,,0,0,S,B,C,U,P,T,F,L,M,W,
,,,,,,,,,,1,0,,2,5,P,,1,0,F,C,C,U,O,T,B,C,S,L,
,,,,,,,,,,1,0,,2,5,P,,1,1,F,C,N,F,P,S,B,C,S,W,
,,,,,,,,,,1,0,,2,5,P,,2,1,F,W,,A,P,,,,S,,
,,,,,,,,,,1,0,,2,5,P,,3,1,D,,,D,O,,,,,,
,,,,,,,,,,1,0,,2,5,P,,3,2,S,W,C,U,O,T,B,C,S,W,
,,,,,,,,,,1,0,,2,5,P,,3,3,F,W,,A,P,,,,S,,
,,,,,,,,,,1,0,,3,5,O,,0,0,F,W,C,W,O,O,,C,S,,
,,,,,,,,,,1,0,,3,5,O,,0,1,F,B,L,U,O,T,F,C,S,L,
,,,,,,,,,,1,0,,3,5,O,,0,2,F,W,L,U,P,T,B,L,S,N,
,,,,,,,,,,1,0,,3,5,O,,1,2,F,C,C,U,P,T,F,C,S,L,
,,,,,,,,,,1,0,,3,5,O,,2,2,F,W,C,U,O,T,F,L,M,L,
,,,,,,,,,,1,0,,3,5,O,,2,3,F,C,C,U,P,S,B,L,S,N,
,,,,,,,,,,1,0,,3,5,O,,3,3,F,B,C,U,P,T,B,L,M,W,
MAYCI JONES,,,2018-02-16,HOME,,,R,,R,0,0,,0,0,p,,0,0,F,B,C,u,p,t,f,c,s,n,
,,,,,,,,,,0,0,,0,0,p,,1,0,S,B,L,u,p,t,f,c,s,w,
,,,,,,,,,,0,0,,0,0,p,,2,0,F,B,C,f,o,s,b,c,m,n,
,,,,,,,,,,0,0,,0,0,p,,2,1,F,w,C,a,p,,,,,,
,,,,,,,,,,0,0,,0,0,p,,3,1,F,C,L,u,o,t,f,c,s,l,
,,,,,,,,,,0,0,,0,0,p,,3,2,S,C,C,f,o,t,b,c,m,n,
,,,,,,,,,,0,0,,0,0,p,,3,3,S,B,C,w,o,t,f,c,m,,
,,,,,,,,,,0,0,,0,1,O,,0,0,F,W,C,u,o,s,b,c,m,n,
,,,,,,,,,,0,0,,0,1,O,,0,1,F,W,C,w,p,t,f,c,s,,
,,,,,,,,,,0,0,,0,1,O,,1,1,F,W,L,w,o,t,f,c,s,,
,,,,,,,,,,0,0,,0,1,O,,1,2,F,C,C,w,o,t,f,c,s,,
,,,,,,,,,,0,0,,0,1,O,,1,3,F,C,C,f,o,t,f,c,m,l,
,,,,,,,,,,0,0,,0,2,P,,0,0,F,C,C,f,p,t,f,c,s,l,
,,,,,,,,,,0,0,,0,2,P,,1,0,F,C,,a,p,,,,,,
,,,,,,,,,,0,0,,0,2,P,,2,0,F,B,C,f,p,t,f,c,s,,
,,,,,,,,,,0,0,,0,2,P,,3,0,S,B,C,f,p,s,f,c,s,w,
,,,,,,,,,,0,0,,1,2,O,,0,0,F,B,C,u,o,t,f,c,s,n,
,,,,,,,,,,0,0,,1,2,O,,0,1,F,C,L,F,P,T,F,L,S,N,
,,,,,,,,,,0,0,,1,2,O,,1,1,F,B,C,W,P,T,B,L,M,,
,,,,,,,,,,0,0,,1,2,O,,2,1,S,W,N,F,O,T,F,C,S,N,
,,,,,,,,,,0,0,,1,2,O,,2,2,F,B,C,F,O,T,F,C,S,N,
,,,,,,,,,,0,0,,1,2,O,,2,3,S,W,C,W,O,T,F,C,S,,
,,,,,,,,,,0,0,,1,3,P,,0,0,S,B,C,W,P,O,F,C,S,,
,,,,,,,,,,0,0,,1,3,P,,1,0,S,B,C,W,P,T,B,C,M,,
,,,,,,,,,,0,0,,1,3,P,,2,0,F,B,C,F,O,T,F,L,M,N,
,,,,,,,,,,0,0,,1,3,P,,2,1,F,B,L,F,O,T,F,C,S,W,
,,,,,,,,,,0,0,,1,3,P,,2,2,S,B,L,U,P,T,F,C,S,N,
,,,,,,,,,,0,0,,1,3,P,,3,2,S,B,N,F,P,T,F,C,S,N,
,,,,,,,,,,0,0,,2,3,O,,0,0,S,W,C,U,O,T,F,C,S,L,
,,,,,,,,,,0,0,,2,3,O,,0,1,S,B,C,U,O,T,F,C,M,N,
,,,,,,,,,,0,0,,2,3,O,,0,2,F,B,N,F,O,T,B,C,S,L,
,,,,,,,,,,0,0,,2,3,O,,0,3,F,W,N,A,O,,,,,,
,,,,,,,,,,0,0,,2,4,P,,0,0,F,B,C,W,P,T,B,C,S,,
,,,,,,,,,,0,0,,2,4,P,,1,0,S,B,L,U,P,T,B,L,S,W,
,,,,,,,,,,0,0,,2,4,P,,2,0,F,C,N,A,P,,,,,,
,,,,,,,,,,0,0,,2,4,P,,3,0,F,W,N,W,P,T,B,C,S,,
,,,,,,,,,,0,0,,3,4,O,,0,0,F,W,C,U,O,T,F,L,M,N,
,,,,,,,,,,0,0,,3,4,O,,0,1,S,B,C,U,O,T,F,L,M,N,
,,,,,,,,,,0,0,,3,4,O,,0,2,S,B,C,W,P,T,F,C,S,,
,,,,,,,,,,0,0,,3,4,O,,1,2,S,W,C,W,O,O,F,L,S,,
,,,,,,,,,,0,0,,3,4,O,,1,3,S,W,N,F,O,T,F,C,S,N,
,,,,,,,,,,0,0,,3,5,P,,0,0,S,B,N,F,P,T,F,C,S,N,
,,,,,,,,,,0,0,,3,5,P,,1,0,F,B,C,W,P,O,B,C,S,,
,,,,,,,,,,0,0,,3,5,P,,2,0,S,B,C,U,O,T,F,C,L,N,
,,,,,,,,,,0,0,,3,5,P,,2,1,F,B,N,W,P,T,F,L,S,L,
,,,,,,,,,,0,0,,3,5,P,,3,1,F,W,N,A,P,,,,,,
,,,,,,,,,,0,0,,4,5,O,,0,0,F,W,C,F,P,O,F,L,M,W,
,,,,,,,,,,0,0,,4,5,O,,1,0,F,C,C,W,P,T,B,L,S,,
,,,,,,,,,,0,0,,4,5,O,,2,0,F,W,N,A,O,,,,,,
,,,,,,,,,,0,0,,4,5,O,,2,1,F,B,C,W,P,O,F,C,M,,
,,,,,,,,,,0,0,,4,5,O,,3,1,S,B,C,W,P,T,F,C,M,,
,,,,,,,,,,0,0,,5,5,P,,0,0,S,B,L,W,O,S,F,C,S,,
,,,,,,,,,,0,0,,5,5,P,,0,1,F,C,L,U,O,T,B,L,S,L,
,,,,,,,,,,0,0,,5,5,P,,0,2,S,B,C,F,O,S,B,L,M,W,
,,,,,,,,,,0,0,,5,5,P,,0,3,F,B,N,W,P,,,,,,
,,,,,,,,,,0,0,,5,5,P,,1,3,F,W,N,A,P,,,,,,
,,,,,,,,,,0,0,,5,5,P,,2,3,F,W,N,W,P,T,F,C,S,,
,,,,,,,,,,0,0,,5,5,P,,3,3,D,,,D,O,,,,,,
,,,,,,,,,,0,1,,5,6,O,,0,0,S,B,C,U,O,T,F,C,S,N,
,,,,,,,,,,0,1,,5,6,O,,0,1,S,W,C,U,P,T,F,C,M,N,
,,,,,,,,,,0,1,,5,6,O,,1,1,S,C,C,U,O,T,F,C,S,W,
,,,,,,,,,,0,1,,5,6,O,,1,2,S,C,L,W,P,O,F,L,S,,
,,,,,,,,,,0,1,,5,6,O,,2,2,S,C,C,W,O,T,F,C,S,,
,,,,,,,,,,0,1,,5,6,O,,2,3,F,C,N,W,O,,,,,,
,,,,,,,,,,0,1,,0,0,P,,0,0,S,B,C,U,O,T,F,C,S,L,
,,,,,,,,,,0,1,,0,0,P,,0,1,F,B,L,U,O,T,B,C,S,N,
,,,,,,,,,,0,1,,0,0,P,,0,2,S,B,C,W,P,T,F,L,S,,
,,,,,,,,,,0,1,,0,0,P,,1,2,S,C,C,W,P,T,B,L,M,,
,,,,,,,,,,0,1,,0,0,P,,2,2,F,B,L,U,P,O,F,C,M,N,
,,,,,,,,,,0,1,,0,0,P,,3,2,F,B,C,U,O,T,F,L,M,N,
,,,,,,,,,,0,1,,0,0,P,,3,3,D,,,D,O,,,,,,
,,,,,,,,,,0,1,,0,1,O,,0,0,F,C,C,W,O,T,F,C,S,,
,,,,,,,,,,0,1,,0,1,O,,0,1,F,B,C,W,P,T,F,L,S,,
,,,,,,,,,,0,1,,0,1,O,,1,1,F,C,L,U,O,T,F,L,S,N,
,,,,,,,,,,0,1,,0,1,O,,1,2,S,W,L,W,O,S,B,C,S,,
,,,,,,,,,,0,1,,0,1,O,,1,3,F,C,L,U,P,T,F,C,S,N,
,,,,,,,,,,0,1,,0,1,O,,2,3,S,B,N,U,O,T,F,L,S,N,
,,,,,,,,,,0,1,,0,2,P,,0,0,F,B,C,U,O,O,B,L,S,L,
,,,,,,,,,,0,1,,0,2,P,,0,1,F,W,N,W,P,,,,,,
,,,,,,,,,,0,1,,0,2,P,,1,1,F,W,C,F,P,T,F,C,S,N,
,,,,,,,,,,0,1,,0,2,P,,2,1,S,B,C,U,O,T,F,C,S,N,
,,,,,,,,,,0,1,,0,2,P,,2,2,F,W,N,A,P,,,,,,
,,,,,,,,,,0,1,,0,2,P,,3,2,F,C,L,U,P,T,F,C,L,N,
,,,,,,,,,,0,1,,1,2,O,,0,0,F,W,C,U,O,T,B,C,S,N,
,,,,,,,,,,0,1,,1,2,O,,0,1,S,C,L,W,O,T,F,C,M,,
,,,,,,,,,,0,1,,1,2,O,,0,2,F,C,L,W,P,T,B,L,S,,
,,,,,,,,,,0,1,,1,2,O,,1,2,D,,,D,P,,,,,,
,,,,,,,,,,0,1,,1,2,O,,2,2,S,B,N,W,O,T,F,,S,,
,,,,,,,,,,0,1,,1,2,O,,2,3,F,C,N,W,O,T,B,C,S,,
,,,,,,,,,,0,1,,1,3,P,,0,0,F,B,C,W,P,T,F,C,S,,
,,,,,,,,,,0,1,,1,3,P,,1,0,F,B,N,W,P,,,,,,
,,,,,,,,,,0,1,,1,3,P,,2,0,F,,,A,P,,,,,,
,,,,,,,,,,0,1,,1,3,P,,3,0,S,C,C,U,P,T,F,C,S,N,
,,,,,,,,,,0,1,,2,3,O,,0,0,F,B,N,W,O,T,F,C,S,W,
,,,,,,,,,,0,1,,2,3,O,,0,1,F,C,L,W,O,T,B,C,S,,
,,,,,,,,,,0,1,,2,3,O,,0,2,F,,,A,O,,,,,,
,,,,,,,,,,0,1,,2,3,O,,0,3,F,C,L,W,O,O,F,L,S,,
,,,,,,,,,,0,1,,2,4,P,,0,0,S,B,L,U,O,O,F,L,M,W,
,,,,,,,,,,0,1,,2,4,P,,0,1,S,W,C,U,P,T,B,C,S,L,
,,,,,,,,,,0,1,,2,4,P,,1,1,F,C,L,F,O,S,B,L,S,L,
,,,,,,,,,,0,1,,2,4,P,,1,2,F,C,N,W,P,,,,,,
,,,,,,,,,,0,1,,2,4,P,,2,2,F,C,C,W,P,T,B,C,S,,
,,,,,,,,,,0,1,,2,4,P,,3,2,D,,,D,O,,,,,,
,,,,,,,,,,0,1,,2,4,P,,3,3,D,,,D,O,,,,,,
,,,,,,,,,,0,1,,2,5,O,,0,0,F,B,C,U,O,T,B,L,S,N,
,,,,,,,,,,0,1,,2,5,O,,0,1,F,C,L,U,P,T,F,C,S,N,
,,,,,,,,,,0,1,,2,5,O,,1,1,S,W,C,W,O,T,F,C,S,,
,,,,,,,,,,0,1,,2,5,O,,1,2,F,C,N,W,O,,,,,,
,,,,,,,,,,0,1,,2,5,O,,1,3,F,C,L,W,O,S,F,C,S,,
MADELINE ALMEIDA,,,2018-03-03,HOME,,,R,,R,0,0,,0,0,O,,0,0,D,,,D,P,,,,,,
,,,,,,,,,,0,0,,0,0,O,,1,0,F,B,C,U,P,T,F,C,M,N,
,,,,,,,,,,0,0,,0,0,O,,2,0,S,B,L,U,P,T,F,C,M,N,
,,,,,,,,,,0,0,,0,0,O,,3,0,S,B,C,U,P,S,B,C,S,N,
,,,,,,,,,,0,0,,1,0,P,,0,0,F,B,C,U,O,T,F,C,S,N,
,,,,,,,,,,0,0,,1,0,P,,0,1,D,,,D,O,,,,,,
,,,,,,,,,,0,0,,1,0,P,,0,2,S,W,C,F,P,T,F,C,M,N,
,,,,,,,,,,0,0,,1,0,P,,1,2,F,B,C,U,O,T,B,L,L,N,
,,,,,,,,,,0,0,,1,0,P,,1,3,S,B,C,W,P,T,B,C,M,,
,,,,,,,,,,0,0,,1,0,P,,2,3,S,C,C,U,O,V,F,L,L,L,
,,,,,,,,,,0,0,,1,1,O,,0,0,S,B,C,F,O,T,B,L,M,W,
,,,,,,,,,,0,0,,1,1,O,,0,1,F,W,C,W,P,T,B,L,M,,
,,,,,,,,,,0,0,,1,1,O,,1,1,S,W,L,U,P,S,F,C,L,W,
,,,,,,,,,,0,0,,1,1,O,,2,1,F,W,C,W,O,T,F,C,M,,
,,,,,,,,,,0,0,,1,1,O,,2,2,F,B,C,W,O,V,F,L,S,,
,,,,,,,,,,0,0,,1,1,O,,2,3,F,C,C,F,O,T,F,C,M,W,
,,,,,,,,,,0,0,,1,2,P,,0,0,F,W,C,U,P,T,F,C,S,W,
,,,,,,,,,,0,0,,1,2,P,,1,0,F,W,C,F,O,T,B,L,S,L,
,,,,,,,,,,0,0,,1,2,P,,1,1,F,W,C,W,O,T,F,L,M,,
,,,,,,,,,,0,0,,1,2,P,,1,2,S,B,C,U,P,T,F,C,M,L,
,,,,,,,,,,0,0,,1,2,P,,2,2,F,B,N,U,P,,,,,,
,,,,,,,,,,0,0,,1,2,P,,3,2,F,W,N,F,P,,,,,,
,,,,,,,,,,0,0,,2,2,O,,0,0,F,W,C,W,P,T,B,C,M,,
,,,,,,,,,,0,0,,2,2,O,,1,0,F,W,C,W,O,O,F,C,S,,
,,,,,,,,,,0,0,,2,2,O,,1,1,S,B,C,F,O,T,B,C,M,N,
,,,,,,,,,,0,0,,2,2,O,,1,2,F,B,C,U,P,T,B,C,S,W,
,,,,,,,,,,0,0,,2,2,O,,2,2,S,B,C,U,P,L,B,C,M,W,
,,,,,,,,,,0,0,,2,2,O,,3,2,F,C,C,W,O,T,F,L,S,,
,,,,,,,,,,0,0,,2,2,O,,3,3,D,,,D,P,,,,,,
,,,,,,,,,,0,0,,3,2,P,,0,0,F,W,C,U,O,T,F,L,S,W,
,,,,,,,,,,0,0,,3,2,P,,0,1,S,B,N,U,P,,,,,,
,,,,,,,,,,0,0,,3,2,P,,1,1,F,B,C,U,P,T,F,C,M,W,
,,,,,,,,,,0,0,,3,2,P,,2,1,F,B,C,F,P,S,B,L,M,N,
,,,,,,,,,,0,0,,3,2,P,,3,1,F,W,C,U,P,S,B,C,S,N,
,,,,,,,,,,0,0,,4,2,O,,0,0,F,B,C,W,O,O,F,C,M,,
,,,,,,,,,,0,0,,4,2,O,,0,1,F,C,C,W,O,V,F,C,S,,
,,,,,,,,,,0,0,,4,2,O,,0,2,S,B,C,W,P,T,F,C,M,,
,,,,,,,,,,0,0,,4,2,O,,1,2,S,W,C,F,P,T,F,C,S,N,
,,,,,,,,,,0,0,,4,2,O,,2,2,F,C,C,U,P,T,F,C,S,L,
,,,,,,,,,,0,0,,4,2,O,,3,2,S,B,C,F,O,T,F,C,S,N,
,,,,,,,,,,0,0,,4,2,O,,3,3,F,W,C,W,O,T,F,C,S,,
,,,,,,,,,,0,0,,4,3,P,,0,0,F,B,C,U,P,V,F,C,M,N,
,,,,,,,,,,0,0,,4,3,P,,1,0,F,B,C,W,O,T,F,C,M,,
,,,,,,,,,,0,0,,4,3,P,,1,1,F,B,N,U,P,,,,,,
,,,,,,,,,,0,0,,4,3,P,,2,1,F,C,C,W,O,T,F,C,S,,
,,,,,,,,,,0,0,,4,3,P,,2,2,S,W,C,W,O,,,,,,
,,,,,,,,,,0,0,,4,3,P,,2,3,F,B,N,U,P,,,,,,
,,,,,,,,,,0,0,,4,3,P,,3,3,F,B,C,W,O,V,B,C,M,,
,,,,,,,,,,0,0,,4,4,O,,0,0,F,C,L,W,P,T,F,L,S,,
,,,,,,,,,,0,0,,4,4,O,,1,0,F,B,C,W,O,T,F,C,M,,
,,,,,,,,,,0,0,,4,4,O,,1,1,S,B,L,W,P,T,F,L,S,,
,,,,,,,,,,0,0,,4,4,O,,2,1,F,B,C,W,O,O,F,C,M,,
,,,,,,,,,,0,0,,4,4,O,,2,2,F,C,C,U,O,T,B,C,S,L,
,,,,,,,,,,0,0,,4,4,O,,2,3,F,B,C,W,P,T,F,C,M,,
,,,,,,,,,,0,0,,4,4,O,,3,3,F,B,C,W,O,V,F,C,S,,
,,,,,,,,,,0,0,,4,5,P,,0,0,S,B,L,F,O,L,F,C,M,L,
,,,,,,,,,,0,0,,4,5,P,,0,1,S,B,C,W,O,T,F,C,S,,
,,,,,,,,,,0,0,,4,5,P,,0,2,F,B,C,U,O,T,F,C,S,W,
,,,,,,,,,,0,0,,4,5,P,,0,3,S,B,N,U,P,,,,,,
,,,,,,,,,,0,0,,4,5,P,,1,3,F,B,N,U,P,,,,,,
,,,,,,,,,,0,0,,4,5,P,,2,3,S,B,L,F,P,V,F,C,S,N,
,,,,,,,,,,0,0,,4,5,P,,3,3,F,W,C,W,P,T,F,C,S,,
,,,,,,,,,,0,0,,5,5,O,,0,0,F,C,C,U,P,T,F,C,S,W,
,,,,,,,,,,0,0,,5,5,O,,1,0,F,W,C,W,P,T,B,L,S,,
,,,,,,,,,,0,0,,5,5,O,,2,0,,,,,P,,,,,,
,,,,,,,,,,0,0,,5,5,O,,3,0,F,W,C,W,O,T,F,C,S,,
,,,,,,,,,,0,0,,5,5,O,,3,1,F,B,C,U,O,T,F,C,S,L,
,,,,,,,,,,0,0,,5,5,O,,3,2,F,W,N,A,O,,,,,,
,,,,,,,,,,0,0,,5,5,O,,3,3,F,C,C,U,O,T,B,L,M,N,
,,,,,,,,,,0,0,,5,6,P,,0,0,F,W,C,W,O,T,F,L,M,,
,,,,,,,,,,0,0,,5,6,P,,0,1,F,C,C,W,O,V,F,L,S,,
,,,,,,,,,,0,0,,5,6,P,,0,2,F,B,L,U,P,T,B,C,S,L,
,,,,,,,,,,0,0,,5,6,P,,1,2,S,B,C,U,O,T,F,C,S,N,
,,,,,,,,,,0,0,,5,6,P,,1,3,F,W,C,U,O,T,F,L,S,L,
,,,,,,,,,,0,1,,0,0,O,,0,0,F,W,C,F,P,O,F,C,S,W,
,,,,,,,,,,0,1,,0,0,O,,1,0,S,B,N,U,O,,,,,,
,,,,,,,,,,0,1,,0,0,O,,1,1,F,W,C,U,P,T,F,C,S,N,
,,,,,,,,,,0,1,,0,0,O,,2,1,S,B,C,U,O,T,B,C,M,L,
,,,,,,,,,,0,1,,0,0,O,,2,2,F,W,N,U,O,,,,,,
,,,,,,,,,,0,1,,0,0,O,,2,3,S,B,C,W,P,T,F,L,M,,
,,,,,,,,,,0,1,,0,0,O,,3,3,S,W,C,U,P,T,B,C,S,L,
,,,,,,,,,,0,1,,1,0,P,,0,0,F,B,C,W,P,S,F,L,S,,
,,,,,,,,,,0,1,,1,0,P,,1,0,F,B,C,F,P,L,F,C,S,N,
,,,,,,,,,,0,1,,1,0,P,,2,0,S,W,C,U,O,T,B,C,S,L,
,,,,,,,,,,0,1,,1,0,P,,2,1,F,B,N,U,P,,,,,,
,,,,,,,,,,0,1,,1,0,P,,3,1,F,B,C,W,P,T,F,C,M,,
,,,,,,,,,,0,1,,2,0,O,,0,0,F,W,N,F,O,,,,,,
,,,,,,,,,,0,1,,2,0,O,,0,1,F,W,C,U,O,T,F,C,S,W,
,,,,,,,,,,0,1,,2,0,O,,0,2,F,B,N,U,O,,,,,,
,,,,,,,,,,0,1,,2,0,O,,0,3,F,C,C,U,O,T,B,C,S,L,
,,,,,,,,,,0,1,,2,1,P,,0,0,S,W,C,F,P,V,F,C,S,N,
,,,,,,,,,,0,1,,2,1,P,,1,0,S,C,C,U,O,T,F,C,S,N,
,,,,,,,,,,0,1,,2,1,P,,1,1,F,B,C,U,O,T,F,C,S,L,
,,,,,,,,,,0,1,,2,1,P,,1,2,F,B,N,U,P,,,,,,
,,,,,,,,,,0,1,,2,1,P,,2,2,S,B,C,U,P,T,F,C,M,L,
,,,,,,,,,,0,1,,2,1,P,,3,2,D,,,D,O,,,,,,
,,,,,,,,,,0,1,,2,1,P,,3,3,F,B,N,U,P,,,,,,
,,,,,,,,,,0,1,,3,1,O,,0,0,S,B,C,F,O,T,B,L,S,N,
,,,,,,,,,,0,1,,3,1,O,,0,1,S,W,C,W,P,T,F,L,L,,
,,,,,,,,,,0,1,,3,1,O,,1,1,F,B,C,W,P,T,F,C,S,,
,,,,,,,,,,0,1,,3,1,O,,2,1,F,W,C,W,O,V,F,C,S,,
,,,,,,,,,,0,1,,3,1,O,,2,2,F,W,C,W,P,T,B,L,M,,
,,,,,,,,,,0,1,,3,1,O,,3,2,F,C,C,W,O,V,F,C,M,,
,,,,,,,,,,0,1,,3,1,O,,3,3,F,B,C,U,O,T,B,C,S,N,
,,,,,,,,,,0,1,,3,2,P,,0,0,F,B,C,U,P,S,B,C,S,N,
,,,,,,,,,,0,1,,3,2,P,,1,0,F,B,C,U,O,T,F,C,S,N,
,,,,,,,,,,0,1,,3,2,P,,1,1,F,B,C,U,O,T,F,C,S,L,
,,,,,,,,,,0,1,,3,2,P,,1,2,F,B,C,U,O,S,B,L,S,N,
,,,,,,,,,,0,1,,3,2,P,,1,3,F,B,C,U,P,T,F,L,M,N,
,,,,,,,,,,0,1,,3,2,P,,2,3,F,W,C,W,P,T,F,L,S,,
,,,,,,,,,,0,1,,3,2,P,,3,3,S,B,C,U,P,T,F,C,S,W,They ended the match after this point 
MAYCI JONES,,,2018-03-03,HOME,LOSS,,R,,R,0,0,,0,0,P,,0,0,D,,,D,O,,,,,,
,,,,,,,,,,0,0,,0,0,P,,0,1,F,W,,A,P,,,,S,,
,,,,,,,,,,0,0,,0,0,P,,1,1,F,C,C,F,P,S,B,L,M,W,
,,,,,,,,,,0,0,,0,0,P,,2,1,S,W,C,W,P,T,F,C,M,,
,,,,,,,,,,0,0,,0,0,P,,3,1,S,B,C,U,P,T,B,C,M,L,
,,,,,,,,,,0,0,,1,0,O,,0,0,F,W,C,U,P,T,B,C,M,N,
,,,,,,,,,,0,0,,1,0,O,,1,0,S,W,C,U,P,T,B,C,M,N,
,,,,,,,,,,0,0,,1,0,O,,2,0,F,B,C,W,O,T,F,L,S,,
,,,,,,,,,,0,0,,1,0,O,,2,1,S,W,C,F,P,S,B,C,S,N,
,,,,,,,,,,0,0,,1,0,O,,3,1,F,W,,A,O,,,,S,,
,,,,,,,,,,0,0,,1,0,O,,3,2,F,B,C,F,O,T,F,L,M,L,
,,,,,,,,,,0,0,,1,0,O,,3,3,F,B,C,U,P,T,B,C,M,L,
,,,,,,,,,,0,0,,2,0,P,,0,0,S,C,C,U,O,T,B,C,S,L,
,,,,,,,,,,0,0,,2,0,P,,0,1,S,W,L,W,P,T,F,C,M,,
,,,,,,,,,,0,0,,2,0,P,,1,1,D,,,D,O,,,,,,
,,,,,,,,,,0,0,,2,0,P,,1,2,D,,,D,O,,,,,,
,,,,,,,,,,0,0,,2,0,P,,1,3,F,W,C,F,O,T,B,C,M,L,
,,,,,,,,,,0,0,,2,1,O,,0,0,D,,,D,P,,,,,,
,,,,,,,,,,0,0,,2,1,O,,1,0,S,B,C,W,O,T,F,L,M,,
,,,,,,,,,,0,0,,2,1,O,,1,1,S,B,N,U,O,T,B,L,S,W,
,,,,,,,,,,0,0,,2,1,O,,1,2,S,B,C,F,O,S,F,C,L,N,
,,,,,,,,,,0,0,,2,1,O,,1,3,F,B,C,U,P,T,B,C,M,L,
,,,,,,,,,,0,0,,2,1,O,,2,3,F,C,N,F,O,T,F,C,S,N,
,,,,,,,,,,0,0,,2,2,P,,0,0,F,W,L,U,P,T,B,C,M,L,
,,,,,,,,,,0,0,,2,2,P,,1,0,F,C,,A,P,,,,S,,
,,,,,,,,,,0,0,,2,2,P,,2,0,F,B,C,W,P,T,F,C,L,,
,,,,,,,,,,0,0,,2,2,P,,3,0,S,W,C,U,O,T,F,C,M,N,
,,,,,,,,,,0,0,,2,2,P,,3,1,F,W,L,U,O,T,B,L,M,W,
,,,,,,,,,,0,0,,2,2,P,,3,2,F,B,C,U,O,T,F,C,M,N,
,,,,,,,,,,0,0,,2,2,P,,3,3,D,,,D,O,,,,,,
,,,,,,,,,,0,0,,2,3,O,,0,0,F,B,C,U,P,S,B,C,M,N,
,,,,,,,,,,0,0,,2,3,O,,1,0,S,B,C,W,O,T,F,L,M,,
,,,,,,,,,,0,0,,2,3,O,,1,1,S,B,L,W,P,T,B,L,M,,
,,,,,,,,,,0,0,,2,3,O,,2,1,S,W,C,U,O,O,,C,M,L,
,,,,,,,,,,0,0,,2,3,O,,2,2,F,W,N,F,O,T,F,L,S,N,
,,,,,,,,,,0,0,,2,3,O,,2,3,F,W,C,F,O,V,B,C,L,N,
,,,,,,,,,,0,0,,2,4,P,,0,0,D,,,D,O,,,,,,
,,,,,,,,,,0,0,,2,4,P,,0,1,S,W,C,F,O,T,F,L,M,W,
,,,,,,,,,,0,0,,2,4,P,,0,2,D,,,D,O,,,,,,
,,,,,,,,,,0,0,,2,4,P,,0,3,F,W,L,W,O,T,B,L,S,,
,,,,,,,,,,0,0,,2,5,O,,0,0,F,W,C,W,O,O,,L,M,,
,,,,,,,,,,0,0,,2,5,O,,0,1,F,C,N,F,O,T,F,C,S,N,
,,,,,,,,,,0,0,,2,5,O,,0,2,F,C,C,U,P,T,F,C,S,W,
,,,,,,,,,,0,0,,2,5,O,,1,2,F,B,C,U,P,T,B,L,L,L,
,,,,,,,,,,0,0,,2,5,O,,2,2,S,B,C,U,O,T,F,L,M,N,
,,,,,,,,,,0,0,,2,5,O,,2,3,S,B,C,U,P,T,B,C,M,L,
,,,,,,,,,,0,0,,2,5,O,,3,3,F,C,C,W,P,T,F,C,M,,
,,,,,,,,,,0,0,,3,5,P,,0,0,S,B,C,U,O,T,B,C,L,N,
,,,,,,,,,,0,0,,3,5,P,,0,1,F,B,L,U,P,T,B,C,M,L,
,,,,,,,,,,0,0,,3,5,P,,1,1,F,W,,A,P,,,,S,,
,,,,,,,,,,0,0,,3,5,P,,2,1,F,W,C,F,P,S,F,C,M,L,
,,,,,,,,,,0,0,,3,5,P,,3,1,F,W,N,F,P,T,F,C,S,N,
,,,,,,,,,,0,0,,4,5,O,,0,0,S,B,C,W,P,T,F,C,S,,
,,,,,,,,,,0,0,,4,5,O,,1,0,F,C,,A,O,,,,S,,
,,,,,,,,,,0,0,,4,5,O,,1,1,F,W,L,F,O,S,B,C,S,L,
,,,,,,,,,,0,0,,4,5,O,,1,2,S,W,C,F,O,T,F,C,M,L,
,,,,,,,,,,0,0,,4,5,O,,1,3,D,W,C,W,P,T,B,L,M,,
,,,,,,,,,,0,0,,4,5,O,,2,3,F,C,C,F,O,T,B,L,M,W,
,,,,,,,,,,0,1,,0,0,P,,0,0,F,W,N,F,P,T,F,C,S,N,
,,,,,,,,,,0,1,,0,0,P,,1,0,F,B,N,F,P,T,F,C,S,N,
,,,,,,,,,,0,1,,0,0,P,,2,0,F,W,C,U,O,T,F,C,L,W,
,,,,,,,,,,0,1,,0,0,P,,2,1,D,,,D,O,,,,,,
,,,,,,,,,,0,1,,0,0,P,,2,2,,B,C,W,P,O,,L,M,,
,,,,,,,,,,0,1,,0,0,P,,3,2,S,B,C,U,P,T,B,L,M,L,
,,,,,,,,,,0,1,,1,0,O,,0,0,D,,,D,P,,,,,,
,,,,,,,,,,0,1,,1,0,O,,1,0,F,C,C,U,O,T,F,C,S,N,
,,,,,,,,,,0,1,,1,0,O,,1,1,F,B,N,F,O,T,F,C,S,N,
,,,,,,,,,,0,1,,1,0,O,,1,2,F,C,N,F,O,T,F,C,S,W,
,,,,,,,,,,0,1,,1,0,O,,1,3,F,B,C,U,P,V,F,L,L,L,
,,,,,,,,,,0,1,,1,0,O,,2,3,S,W,N,U,O,T,B,C,S,N,
,,,,,,,,,,0,1,,1,1,P,,0,0,D,,,D,O,,,,,,
,,,,,,,,,,0,1,,1,1,P,,0,1,D,,,D,O,,,,,,
,,,,,,,,,,0,1,,1,1,P,,0,2,F,C,C,U,P,T,B,C,M,L,
,,,,,,,,,,0,1,,1,1,P,,1,2,F,W,C,U,P,T,B,C,M,L,
,,,,,,,,,,0,1,,1,1,P,,2,2,S,B,L,F,P,T,F,L,M,W,
,,,,,,,,,,0,1,,1,1,P,,3,2,F,W,C,W,P,T,F,L,L,,
,,,,,,,,,,0,1,,2,1,O,,0,0,F,W,N,F,O,T,F,C,S,N,
,,,,,,,,,,0,1,,2,1,O,,0,1,F,C,C,W,P,O,,C,M,,
,,,,,,,,,,0,1,,2,1,O,,1,1,F,C,C,F,O,T,F,L,S,N,
,,,,,,,,,,0,1,,2,1,O,,1,2,F,W,C,U,P,T,F,C,S,L,
,,,,,,,,,,0,1,,2,1,O,,2,2,S,W,N,U,O,T,F,L,S,N,
,,,,,,,,,,0,1,,2,1,O,,2,3,S,W,C,F,O,T,F,L,M,L,
,,,,,,,,,,0,1,,2,2,P,,0,0,S,B,C,U,O,T,B,L,M,W,
,,,,,,,,,,0,1,,2,2,P,,0,1,S,B,N,U,P,T,F,C,S,N,
,,,,,,,,,,0,1,,2,2,P,,1,1,F,W,C,U,P,T,B,C,S,L,
,,,,,,,,,,0,1,,2,2,P,,2,1,S,B,C,F,O,T,F,C,S,N,
,,,,,,,,,,0,1,,2,2,P,,2,2,F,W,C,U,O,T,F,C,L,N,
,,,,,,,,,,0,1,,2,2,P,,2,3,F,B,C,W,O,T,B,C,S,,
,,,,,,,,,,0,1,,2,3,O,,0,0,F,B,C,U,P,T,B,C,S,W,
,,,,,,,,,,0,1,,2,3,O,,1,0,F,C,C,W,O,V,F,C,L,,
,,,,,,,,,,0,1,,2,3,O,,1,1,F,W,C,W,P,T,F,C,S,,
,,,,,,,,,,0,1,,2,3,O,,2,1,F,W,C,F,O,T,F,L,S,N,
,,,,,,,,,,0,1,,2,3,O,,2,2,S,W,N,U,O,T,F,C,S,N,
,,,,,,,,,,0,1,,2,3,O,,2,3,S,W,C,U,P,T,B,C,M,L,
,,,,,,,,,,0,1,,2,3,O,,3,3,F,C,C,U,O,T,F,C,M,L,
,,,,,,,,,,0,1,,2,4,P,,0,0,F,C,N,F,P,T,B,C,S,W,
,,,,,,,,,,0,1,,2,4,P,,1,0,D,,,D,O,,,,,,
,,,,,,,,,,0,1,,2,4,P,,1,1,F,B,L,W,P,T,F,C,S,,
,,,,,,,,,,0,1,,2,4,P,,2,1,F,W,C,F,P,T,F,C,S,N,
,,,,,,,,,,0,1,,2,4,P,,3,1,S,C,C,F,P,T,B,L,S,W,
,,,,,,,,,,0,1,,3,4,O,,0,0,F,W,N,F,O,T,F,C,S,N,
,,,,,,,,,,0,1,,3,4,O,,0,1,F,C,N,F,O,T,F,C,S,W,
,,,,,,,,,,0,1,,3,4,O,,0,2,F,C,C,U,P,T,F,L,S,N,
,,,,,,,,,,0,1,,3,4,O,,1,2,S,B,C,U,P,T,B,C,M,L,
,,,,,,,,,,0,1,,3,4,O,,2,2,S,B,C,W,P,T,F,L,S,,
,,,,,,,,,,0,1,,3,4,O,,3,2,F,W,C,U,P,T,B,L,S,L,
,,,,,,,,,,0,1,,4,4,P,,0,0,D,,,D,O,,,,,,
,,,,,,,,,,0,1,,4,4,P,,0,1,F,B,N,F,P,T,F,C,S,W,
,,,,,,,,,,0,1,,4,4,P,,1,1,S,B,C,U,O,T,F,C,S,N,
,,,,,,,,,,0,1,,4,4,P,,1,2,S,B,C,U,O,T,B,C,M,W,
,,,,,,,,,,0,1,,4,4,P,,1,3,S,C,L,U,P,T,F,C,M,W,
,,,,,,,,,,0,1,,4,4,P,,2,3,F,B,C,F,O,T,F,L,M,L,
,,,,,,,,,,0,1,,4,5,O,,0,0,F,W,L,W,O,T,F,C,M,,
,,,,,,,,,,0,1,,4,5,O,,0,1,F,C,C,W,P,T,F,C,S,,
,,,,,,,,,,0,1,,4,5,O,,1,1,F,W,L,W,O,T,F,L,M,,
,,,,,,,,,,0,1,,4,5,O,,1,2,F,C,C,W,O,T,F,C,L,,
,,,,,,,,,,0,1,,4,5,O,,1,3,S,C,C,F,O,T,F,L,M,W,
MAYCI JONES,,,2017-02-17,HOME,,,R,,R,0,0,,0,0,p,,0,0,F,B,C,W,O,T,,,,,
,,,,,,,,,,0,0,,0,0,p,,0,1,,,,,O,,,,,,
,,,,,,,,,,0,0,,0,0,p,,0,2,,,,,O,,,,,,
,,,,,,,,,,0,0,,0,0,p,,0,3,,,,,P,,,,,,
,,,,,,,,,,0,0,,0,0,p,,1,3,,,,,P,,,,,,
,,,,,,,,,,0,0,,0,0,p,,2,3,,,,,O,,,,,,
,,,,,,,,,,0,0,,0,1,O,,0,0,F,B,C,W,O,t,f,c,s,,
,,,,,,,,,,0,0,,0,1,O,,0,1,S,W,C,U,O,t,f,c,m,l,
,,,,,,,,,,0,0,,0,1,O,,0,2,F,B,N,U,O,t,f,c,s,n,
,,,,,,,,,,0,0,,0,1,O,,0,3,F,B,L,U,O,t,b,l,m,w,
,,,,,,,,,,0,0,,0,2,P,,0,0,S,W,C,U,P,o,b,l,s,n,
,,,,,,,,,,0,0,,0,2,P,,1,0,S,B,L,U,P,t,f,c,s,l,
,,,,,,,,,,0,0,,0,2,P,,2,0,F,C,L,U,O,t,f,c,s,l,
,,,,,,,,,,0,0,,0,2,P,,2,1,D,,,D,O,,,,,,
,,,,,,,,,,0,0,,0,2,P,,2,2,D,,,D,O,,,,,,
,,,,,,,,,,0,0,,0,2,P,,2,3,D,,,D,O,,,,,,
,,,,,,,,,,0,0,,0,3,O,,0,0,F,B,L,W,P,t,f,c,m,,
,,,,,,,,,,0,0,,0,3,O,,1,0,D,,,D,P,,,,,,
,,,,,,,,,,0,0,,0,3,O,,2,0,F,B,C,U,P,t,f,l,s,l,
,,,,,,,,,,0,0,,0,3,O,,3,0,S,B,L,U,P,t,f,l,s,n,
,,,,,,,,,,0,0,,1,3,P,,0,0,S,B,N,W,P,,,,,,
,,,,,,,,,,0,0,,1,3,P,,1,0,F,W,N,W,P,,,,,,
,,,,,,,,,,0,0,,1,3,P,,2,0,F,C,L,U,O,t,b,l,s,l,
,,,,,,,,,,0,0,,1,3,P,,2,1,F,B,L,U,O,t,f,c,s,n,
,,,,,,,,,,0,0,,1,3,P,,2,2,F,C,C,W,P,s,b,l,s,,
,,,,,,,,,,0,0,,1,3,P,,3,2,F,,,A,P,,,,,,
,,,,,,,,,,0,0,,2,3,O,,0,0,S,B,L,U,O,t,f,c,m,l,
,,,,,,,,,,0,0,,2,3,O,,0,1,F,W,C,U,P,t,b,l,s,n,
,,,,,,,,,,0,0,,2,3,O,,1,1,F,W,L,W,O,o,b,c,s,,
,,,,,,,,,,0,0,,2,3,O,,1,2,F,B,C,U,P,s,b,c,m,l,
,,,,,,,,,,0,0,,2,3,O,,2,2,F,B,L,U,O,t,f,l,s,w,
,,,,,,,,,,0,0,,2,3,O,,2,3,S,B,L,U,O,t,b,l,s,n,
,,,,,,,,,,0,0,,2,4,P,,0,0,F,,,A,P,,,,,,
,,,,,,,,,,0,0,,2,4,P,,1,0,S,B,C,W,P,t,f,c,s,,
,,,,,,,,,,0,0,,2,4,P,,2,0,S,B,L,F,P,s,b,l,s,n,
,,,,,,,,,,0,0,,2,4,P,,3,0,F,B,C,W,P,t,b,l,s,,
,,,,,,,,,,0,0,,3,4,O,,0,0,D,,,D,P,,,,,,
,,,,,,,,,,0,0,,3,4,O,,1,0,S,B,C,U,O,T,B,C,S,L,
,,,,,,,,,,0,0,,3,4,O,,1,1,S,B,L,U,O,T,B,C,S,N,
,,,,,,,,,,0,0,,3,4,O,,1,2,S,W,C,U,O,T,F,C,S,L,
,,,,,,,,,,0,0,,3,4,O,,1,3,F,W,C,U,P,T,F,L,S,W,
,,,,,,,,,,0,0,,3,4,O,,2,3,S,C,L,U,P,O,F,C,S,L,
,,,,,,,,,,0,0,,3,4,O,,3,3,D,,,D,P,,,,,,
,,,,,,,,,,0,0,,0,0,p,,0,0,D,,,D,O,,,,,,
,,,,,,,,,,0,0,,0,0,p,,0,1,F,,,A,P,,,,,,
,,,,,,,,,,0,0,,0,0,p,,1,1,S,B,C,F,O,T,B,C,S,L,
,,,,,,,,,,0,0,,0,0,p,,1,2,F,,,A,P,,,,,,
,,,,,,,,,,0,0,,0,0,p,,2,2,F,B,C,U,P,T,B,L,S,L,
,,,,,,,,,,0,0,,0,0,p,,3,2,D,,,D,O,,,,,,
,,,,,,,,,,0,0,,0,0,p,,3,3,F,B,C,F,O,S,B,L,S,N,
,,,,,,,,,,0,0,,4,5,o,,0,0,F,,,A,O,,,,,,
,,,,,,,,,,0,0,,4,5,o,,0,1,F,B,C,W,P,T,F,C,S,,
,,,,,,,,,,0,0,,4,5,o,,1,1,D,,,D,P,,,,,,
,,,,,,,,,,0,0,,4,5,o,,2,1,F,B,C,U,P,T,B,C,S,L,
,,,,,,,,,,0,0,,4,5,o,,3,1,F,B,L,F,O,S,B,L,S,L,
,,,,,,,,,,0,0,,4,5,o,,3,2,F,W,L,U,P,S,B,C,L,N,
,,,,,,,,,,0,0,,5,5,P,,0,0,F,W,L,F,O,T,F,C,L,N,
,,,,,,,,,,0,0,,5,5,P,,0,1,S,B,L,F,O,S,B,L,M,L,
,,,,,,,,,,0,0,,5,5,P,,0,2,D,,,D,O,,,,,,
,,,,,,,,,,0,0,,5,5,P,,0,3,S,B,N,W,P,,,,,,
,,,,,,,,,,0,0,,5,5,P,,1,3,D,,,D,O,,,,,,
,,,,,,,,,,0,1,,5,6,O,,0,0,F,W,C,U,O,T,F,C,S,N,
,,,,,,,,,,0,1,,5,6,O,,0,1,S,W,N,U,O,T,B,C,S,L,
,,,,,,,,,,0,1,,5,6,O,,0,2,F,W,C,F,O,T,B,L,M,N,
,,,,,,,,,,0,1,,5,6,O,,0,3,F,C,L,U,P,T,B,C,S,N,
,,,,,,,,,,0,1,,5,6,O,,1,3,F,B,C,F,O,T,F,L,M,N,
,,,,,,,,,,0,1,,0,0,p,,0,0,F,,,A,P,,,,,,
,,,,,,,,,,0,1,,0,0,p,,1,0,D,,,D,O,,,,,,
,,,,,,,,,,0,1,,0,0,p,,1,1,F,B,C,F,O,S,B,C,S,N,
,,,,,,,,,,0,1,,0,0,p,,1,2,F,B,C,W,P,T,F,C,S,,
,,,,,,,,,,0,1,,0,0,p,,2,2,S,B,N,F,P,T,B,C,S,L,
,,,,,,,,,,0,1,,0,0,p,,3,2,D,,,D,O,,,,,,
,,,,,,,,,,0,1,,0,0,p,,3,3,F,C,N,F,P,T,F,C,S,L,
,,,,,,,,,,0,1,,1,0,O,,0,0,F,W,N,D,O,,,,,,
,,,,,,,,,,0,1,,1,0,O,,0,1,S,B,L,U,O,T,F,L,S,L,
,,,,,,,,,,0,1,,1,0,O,,0,2,D,,,D,P,,,,,,
,,,,,,,,,,0,1,,1,0,O,,1,2,F,C,L,U,P,T,F,L,S,L,
,,,,,,,,,,0,1,,1,0,O,,2,2,D,,,D,P,,,,,,
,,,,,,,,,,0,1,,1,0,O,,3,2,F,b,C,U,P,S,B,L,M,L,
,,,,,,,,,,0,1,,2,0,P,,0,0,F,b,L,F,O,T,F,L,S,N,
,,,,,,,,,,0,1,,2,0,P,,0,1,F,b,C,U,O,T,F,L,S,N,
,,,,,,,,,,0,1,,2,0,P,,0,2,F,W,C,U,O,S,F,L,L,L,
,,,,,,,,,,0,1,,2,0,P,,0,3,F,B,L,W,P,T,F,C,S,,
,,,,,,,,,,0,1,,2,0,P,,1,3,D,,,D,O,,,,,,
,,,,,,,,,,0,1,,2,1,O,,0,0,F,W,C,F,O,T,F,L,S,L,
,,,,,,,,,,0,1,,2,1,O,,0,1,F,W,L,W,P,T,F,C,L,,
,,,,,,,,,,0,1,,2,1,O,,1,1,F,B,L,U,P,T,F,C,S,L,
,,,,,,,,,,0,1,,2,1,O,,2,1,S,B,C,W,P,S,B,L,S,,
,,,,,,,,,,0,1,,2,1,O,,3,1,S,B,C,W,P,T,F,C,S,,
,,,,,,,,,,0,1,,3,1,P,,0,0,,,,,P,,,,,,VIOLATION SAN FRAN
,,,,,,,,,,0,1,,3,1,P,,1,0,F,,,A,P,,,,,,
,,,,,,,,,,0,1,,3,1,P,,2,0,F,B,N,W,P,,,,,,
,,,,,,,,,,0,1,,3,1,P,,3,0,F,B,C,W,P,T,F,C,S,,
,,,,,,,,,,0,1,,4,1,O,,0,0,S,B,C,F,O,S,B,L,S,W,
,,,,,,,,,,0,1,,4,1,O,,0,1,S,C,L,U,P,S,B,L,S,L,
,,,,,,,,,,0,1,,4,1,O,,1,1,F,B,N,F,O,,,,,,
,,,,,,,,,,0,1,,4,1,O,,1,2,F,C,L,U,P,T,F,C,S,L,
,,,,,,,,,,0,1,,4,1,O,,2,2,F,B,C,W,O,T,F,C,S,,
,,,,,,,,,,0,1,,4,1,O,,2,3,F,C,C,U,P,T,F,C,S,L,
,,,,,,,,,,0,1,,4,1,O,,3,3,F,B,C,W,O,T,B,C,S,,
,,,,,,,,,,0,1,,4,2,P,,0,0,F,B,C,F,P,O,B,C,S,W,
,,,,,,,,,,0,1,,4,2,P,,1,0,F,B,L,W,P,O,F,C,M,,
,,,,,,,,,,0,1,,4,2,P,,2,0,F,C,L,W,P,O,F,L,S,,
,,,,,,,,,,0,1,,4,2,P,,3,0,F,,,A,P,,,,,,
,,,,,,,,,,0,1,,5,2,O,,0,0,F,B,C,w,p,t,f,c,s,,
,,,,,,,,,,0,1,,5,2,O,,1,0,F,C,L,W,P,S,B,L,M,,
,,,,,,,,,,0,1,,5,2,O,,2,0,F,B,L,F,O,T,F,C,S,L,
,,,,,,,,,,0,1,,5,2,O,,2,1,F,B,C,F,P,S,F,C,S,N,
,,,,,,,,,,0,1,,5,2,O,,3,1,F,W,L,F,O,T,F,L,S,N,
,,,,,,,,,,0,1,,5,2,O,,3,2,F,B,C,F,O,T,F,C,L,L,
,,,,,,,,,,0,1,,5,2,O,,3,3,S,B,L,U,O,T,F,C,M,N,
,,,,,,,,,,0,1,,5,3,P,,0,0,S,B,L,U,O,T,F,L,S,N,
,,,,,,,,,,0,1,,5,3,P,,0,1,D,,,D,O,,,,,,
,,,,,,,,,,0,1,,5,3,P,,0,2,D,,,D,O,,,,,,
,,,,,,,,,,0,1,,5,3,P,,0,3,F,,,A,P,,,,,,
,,,,,,,,,,0,1,,0,0,P,,0,0,,,,,P,,,,,,VIOLATION SAN FRAN
,,,,,,,,,,0,1,,0,0,O,,0,0,F,B,C,W,P,T,F,C,S,,
,,,,,,,,,,0,1,,0,0,O,,1,0,S,B,L,F,O,S,B,C,S,L,
,,,,,,,,,,0,1,,0,0,O,,1,1,F,W,L,F,O,T,F,C,S,L,
,,,,,,,,,,0,1,,0,0,O,,1,2,F,B,C,F,O,T,F,C,S,L,
,,,,,,,,,,0,1,,0,0,O,,1,3,F,W,N,W,O,,,,,,
,,,,,,,,,,0,1,,0,1,P,,0,0,D,,,D,O,,,,,,
,,,,,,,,,,0,1,,0,1,P,,0,1,S,B,L,W,P,T,B,C,S,N,
,,,,,,,,,,0,1,,0,1,P,,1,1,F,B,C,W,P,O,F,L,S,,
,,,,,,,,,,0,1,,0,1,P,,2,1,F,W,,A,P,,,,,,
,,,,,,,,,,0,1,,0,1,P,,3,1,F,C,,A,P,,,,,,
,,,,,,,,,,0,1,,1,1,O,,0,0,F,W,N,W,O,,,,,,
,,,,,,,,,,0,1,,1,1,O,,0,1,S,C,C,F,O,T,F,C,S,L,
,,,,,,,,,,0,1,,1,1,O,,0,2,F,W,,A,O,,,,,,
,,,,,,,,,,0,1,,1,1,O,,0,3,S,B,N,W,O,,,,,,
,,,,,,,,,,0,1,,1,2,P,,0,0,F,C,N,W,P,,,,,,
,,,,,,,,,,0,1,,1,2,P,,1,0,S,B,N,W,P,,,,,,
,,,,,,,,,,0,1,,1,2,P,,2,0,F,,,A,P,,,,,,
,,,,,,,,,,0,1,,1,2,P,,3,0,F,B,C,W,P,T,F,C,S,,
,,,,,,,,,,0,1,,2,2,O,,0,0,F,W,,A,O,,,,,,
,,,,,,,,,,0,1,,2,2,O,,0,1,F,W,C,F,P,T,B,L,M,N,
,,,,,,,,,,0,1,,2,2,O,,1,1,F,B,C,F,O,T,B,C,S,N,
,,,,,,,,,,0,1,,2,2,O,,1,2,F,B,N,W,O,T,F,L,S,,
,,,,,,,,,,0,1,,2,2,O,,1,3,F,B,C,W,O,T,B,L,M,,
,,,,,,,,,,0,1,,2,3,P,,0,0,F,C,L,W,P,T,F,C,S,,
,,,,,,,,,,0,1,,2,3,P,,1,0,S,B,L,F,O,S,B,C,S,L,
,,,,,,,,,,0,1,,2,3,P,,1,1,S,B,C,U,O,T,F,C,S,L,
,,,,,,,,,,0,1,,2,3,P,,1,2,F,W,N,W,P,,,,,,
MADELINE ALMEIDA,,,2017-03-18,HOME,WIN,,R,,R,0,0,,0,0,P,,0,0,F,C,C,U,O,S,B,L,L,L,
,,,,,,,,,,0,0,,0,0,P,,0,1,F,C,C,U,P,S,B,C,M,N,
,,,,,,,,,,0,0,,0,0,P,,1,1,F,B,C,W,P,S,B,L,M,,
,,,,,,,,,,0,0,,0,0,P,,2,1,F,C,C,W,P,T,F,L,S,,
,,,,,,,,,,0,0,,0,0,P,,3,1,F,W,C,U,O,T,F,C,M,N,
,,,,,,,,,,0,0,,0,0,P,,3,2,S,C,C,U,P,T,B,L,L,L,
,,,,,,,,,,0,0,,1,0,O,,0,0,F,W,C,F,P,S,F,C,L,W,
,,,,,,,,,,0,0,,1,0,O,,1,0,F,C,C,U,P,T,F,C,M,W,
,,,,,,,,,,0,0,,1,0,O,,2,0,F,W,N,F,O,T,F,C,S,N,
,,,,,,,,,,0,0,,1,0,O,,2,1,F,B,C,W,P,V,B,L,L,,
,,,,,,,,,,0,0,,1,0,O,,3,1,S,W,L,U,O,T,F,C,M,N,
,,,,,,,,,,0,0,,1,0,O,,3,2,F,C,C,W,O,T,F,C,L,,
,,,,,,,,,,0,0,,1,0,O,,3,3,F,W,C,F,P,S,B,C,L,L,
,,,,,,,,,,0,0,,2,0,P,,0,0,F,W,C,U,O,T,F,C,M,N,
,,,,,,,,,,0,0,,2,0,P,,0,1,F,C,N,F,P,T,F,C,S,N,
,,,,,,,,,,0,0,,2,0,P,,1,1,S,B,C,U,P,T,F,L,L,L,
,,,,,,,,,,0,0,,2,0,P,,2,1,S,B,C,U,P,T,F,C,S,L,
,,,,,,,,,,0,0,,2,0,P,,3,1,S,B,C,W,O,T,F,L,M,,
,,,,,,,,,,0,0,,2,0,P,,3,2,S,B,C,F,P,T,F,L,M,W,
,,,,,,,,,,0,0,,3,0,O,,0,0,F,W,C,U,O,T,F,C,L,N,
,,,,,,,,,,0,0,,3,0,O,,0,1,F,C,L,F,P,T,F,C,S,W,
,,,,,,,,,,0,0,,3,0,O,,1,1,F,B,C,U,P,T,F,C,M,L,
,,,,,,,,,,0,0,,3,0,O,,2,1,S,C,C,W,O,T,F,C,M,,
,,,,,,,,,,0,0,,3,0,O,,2,2,F,W,C,W,O,T,F,L,M,,
,,,,,,,,,,0,0,,3,0,O,,2,3,S,C,C,F,P,T,B,L,S,L,
,,,,,,,,,,0,0,,3,0,O,,3,3,F,B,C,U,P,S,B,C,L,L,
,,,,,,,,,,0,0,,4,0,P,,0,0,F,W,C,U,O,T,F,L,M,W,
,,,,,,,,,,0,0,,4,0,P,,0,1,F,B,L,F,P,T,F,L,S,N,
,,,,,,,,,,0,0,,4,0,P,,1,1,F,W,C,F,O,T,B,C,S,L,
,,,,,,,,,,0,0,,4,0,P,,1,2,S,B,C,U,P,T,F,L,M,W,
,,,,,,,,,,0,0,,4,0,P,,2,2,F,B,C,W,O,T,F,L,L,,
,,,,,,,,,,0,0,,4,0,P,,2,3,S,B,C,W,P,V,F,C,L,,
,,,,,,,,,,0,0,,4,0,P,,3,3,F,W,N,F,P,T,F,C,S,L,
,,,,,,,,,,0,0,,5,0,O,,0,0,F,W,C,W,P,L,F,L,L,,
,,,,,,,,,,0,0,,5,0,O,,1,0,D,,,D,P,,,,,,
,,,,,,,,,,0,0,,5,0,O,,2,0,S,W,L,U,P,V,F,C,M,N,
,,,,,,,,,,0,0,,5,0,O,,3,0,F,C,C,F,O,T,B,C,M,N,
,,,,,,,,,,0,0,,5,0,O,,3,1,F,W,C,U,O,T,F,L,M,W,
,,,,,,,,,,0,0,,5,0,O,,3,2,F,C,N,F,O,T,F,C,S,L,
,,,,,,,,,,0,0,,5,0,O,,3,3,F,W,L,W,P,T,F,C,L,,
,,,,,,,,,,1,0,,0,0,P,,0,0,F,B,C,W,O,T,F,L,S,,
,,,,,,,,,,1,0,,0,0,P,,0,1,F,B,C,U,P,S,B,L,M,N,
,,,,,,,,,,1,0,,0,0,P,,1,1,F,W,C,U,O,T,F,L,S,L,
,,,,,,,,,,1,0,,0,0,P,,1,2,S,B,C,U,O,T,B,C,S,W,
,,,,,,,,,,1,0,,0,0,P,,1,3,F,W,C,U,P,T,F,C,L,L,
,,,,,,,,,,1,0,,0,0,P,,2,3,S,B,C,W,O,V,B,C,L,,
,,,,,,,,,,1,0,,0,1,O,,0,0,F,W,C,F,P,V,B,L,L,N,
,,,,,,,,,,1,0,,0,1,O,,1,0,F,C,C,W,P,T,F,C,L,,
,,,,,,,,,,1,0,,0,1,O,,2,0,F,W,N,F,O,T,F,C,S,L,
,,,,,,,,,,1,0,,0,1,O,,2,1,S,B,C,U,P,T,F,L,L,N,
,,,,,,,,,,1,0,,0,1,O,,3,1,D,,,D,P,,,,,,
,,,,,,,,,,1,0,,1,1,P,,0,0,F,W,L,U,O,T,F,L,M,W,
,,,,,,,,,,1,0,,1,1,P,,0,1,F,B,N,F,P,T,F,C,S,N,
,,,,,,,,,,1,0,,1,1,P,,1,1,F,W,L,F,P,T,F,C,L,L,
,,,,,,,,,,1,0,,1,1,P,,2,1,S,B,C,F,P,S,F,L,M,N,
,,,,,,,,,,1,0,,1,1,P,,3,1,F,W,C,U,O,T,F,C,M,N,
,,,,,,,,,,1,0,,1,1,P,,3,2,F,B,C,U,P,O,,C,L,N,
,,,,,,,,,,1,0,,2,1,O,,0,0,F,W,C,U,P,T,F,L,M,W,
,,,,,,,,,,1,0,,2,1,O,,1,0,D,,,D,P,,,,,,
,,,,,,,,,,1,0,,2,1,O,,2,0,F,B,N,F,O,T,F,L,S,W,
,,,,,,,,,,1,0,,2,1,O,,2,1,F,C,C,W,O,T,F,L,S,,
,,,,,,,,,,1,0,,2,1,O,,2,2,S,B,C,F,P,T,B,C,M,N,
,,,,,,,,,,1,0,,2,1,O,,3,2,F,B,C,U,P,T,F,L,M,L,
,,,,,,,,,,1,0,,3,1,P,,0,0,S,B,C,F,O,T,B,C,S,W,
,,,,,,,,,,1,0,,3,1,P,,0,1,S,B,C,U,P,T,B,C,S,L,
,,,,,,,,,,1,0,,3,1,P,,1,1,F,W,C,W,P,T,F,L,S,,
,,,,,,,,,,1,0,,3,1,P,,2,1,F,W,C,W,O,T,F,C,S,,
,,,,,,,,,,1,0,,3,1,P,,2,2,F,W,N,F,P,S,F,L,S,W,
,,,,,,,,,,1,0,,3,1,P,,3,2,F,W,C,U,P,T,B,L,L,L,
,,,,,,,,,,1,0,,4,1,O,,0,0,F,W,C,U,O,T,B,L,L,N,
,,,,,,,,,,1,0,,4,1,O,,0,1,F,C,L,W,P,V,F,C,M,,
,,,,,,,,,,1,0,,4,1,O,,1,1,S,W,C,W,P,T,F,L,L,,
,,,,,,,,,,1,0,,4,1,O,,2,1,F,B,C,U,O,T,F,L,L,L,
,,,,,,,,,,1,0,,4,1,O,,2,2,F,W,L,F,O,T,B,C,L,L,
,,,,,,,,,,1,0,,4,1,O,,2,3,F,B,C,F,P,V,F,L,M,W,
,,,,,,,,,,1,0,,4,1,O,,3,3,S,W,L,F,P,S,F,C,L,L,
,,,,,,,,,,1,0,,5,1,P,,0,0,S,W,L,U,O,T,F,L,L,L,
,,,,,,,,,,1,0,,5,1,P,,0,1,F,C,C,W,P,T,F,L,S,,
,,,,,,,,,,1,0,,5,1,P,,1,1,F,W,N,F,P,S,F,C,S,W,
,,,,,,,,,,1,0,,5,1,P,,2,1,S,B,C,U,O,T,F,C,S,N,
,,,,,,,,,,1,0,,5,1,P,,2,2,S,W,C,U,O,T,B,L,L,L,
,,,,,,,,,,1,0,,5,1,P,,2,3,S,C,C,U,P,T,F,C,L,L,
,,,,,,,,,,1,0,,5,1,P,,3,3,F,W,N,F,P,S,F,L,S,W,
HERMEHR KAUR,,,2017-02-17,HOME,WIN,,R,,R,0,0,,0,0,O,,0,0,F,C,N,F,O,S,B,C,S,N,
,,,,,,,,,,0,0,,0,0,O,,0,1,S,B,C,F,P,T,F,L,M,L,
,,,,,,,,,,0,0,,0,0,O,,1,1,F,W,N,F,O,T,F,C,S,N,
,,,,,,,,,,0,0,,0,0,O,,1,2,S,B,C,W,P,T,F,C,M,,
,,,,,,,,,,0,0,,0,0,O,,2,2,D,,,D,P,,,,,,
,,,,,,,,,,0,0,,0,0,O,,3,2,F,B,C,W,O,T,F,C,S,,
,,,,,,,,,,0,0,,0,0,O,,3,3,S,B,C,F,P,S,B,C,S,N,
,,,,,,,,,,0,0,,1,0,P,,0,0,F,B,N,F,P,S,B,C,S,L,
,,,,,,,,,,0,0,,1,0,P,,1,0,S,W,C,U,P,T,F,C,S,N,
,,,,,,,,,,0,0,,1,0,P,,2,0,F,C,C,U,P,T,B,C,S,L,
,,,,,,,,,,0,0,,1,0,P,,3,0,F,C,N,F,P,S,F,C,S,L,
,,,,,,,,,,0,0,,2,0,O,,0,0,D,,,D,P,,,,,,
,,,,,,,,,,0,0,,2,0,O,,1,0,F,B,C,F,P,T,F,C,S,N,
,,,,,,,,,,0,0,,2,0,O,,2,0,S,B,C,U,O,T,F,L,S,W,
,,,,,,,,,,0,0,,2,0,O,,2,1,S,W,C,U,O,T,F,C,M,L,
,,,,,,,,,,0,0,,2,0,O,,2,2,S,W,N,F,O,T,F,C,S,L,
,,,,,,,,,,0,0,,2,0,O,,2,3,D,,,D,P,,,,,,
,,,,,,,,,,0,0,,2,0,O,,3,3,F,B,C,W,O,S,F,C,S,,
,,,,,,,,,,0,0,,2,1,P,,0,0,S,B,N,F,P,S,B,C,S,W,
,,,,,,,,,,0,0,,2,1,P,,1,0,S,W,N,F,P,T,F,C,S,L,
,,,,,,,,,,0,0,,2,1,P,,2,0,F,C,,A,P,,,,S,,
,,,,,,,,,,0,0,,2,1,P,,3,0,S,W,C,U,P,T,B,C,S,W,
,,,,,,,,,,0,0,,3,1,O,,0,0,F,W,C,U,P,T,F,L,S,L,
,,,,,,,,,,0,0,,3,1,O,,1,0,S,B,N,F,O,T,F,L,S,L,
,,,,,,,,,,0,0,,3,1,O,,1,1,F,B,L,U,O,T,F,L,M,N,
,,,,,,,,,,0,0,,3,1,O,,1,2,F,C,C,F,P,S,F,C,S,L,
,,,,,,,,,,0,0,,3,1,O,,2,2,F,B,N,F,O,T,B,C,S,W,
,,,,,,,,,,0,0,,3,1,O,,2,3,S,W,C,U,P,T,F,C,S,L,
,,,,,,,,,,0,0,,3,1,O,,3,3,S,B,C,U,P,T,F,C,M,N,
,,,,,,,,,,0,0,,4,1,P,,0,0,S,B,C,W,P,T,F,C,M,,
,,,,,,,,,,0,0,,4,1,P,,1,0,F,C,N,F,P,S,F,C,S,W,
,,,,,,,,,,0,0,,4,1,P,,2,0,S,C,C,U,O,T,F,C,S,N,
,,,,,,,,,,0,0,,4,1,P,,2,1,F,W,N,F,P,S,B,C,S,N,
,,,,,,,,,,0,0,,4,1,P,,3,1,F,C,N,F,P,S,B,L,S,N,
,,,,,,,,,,0,0,,5,1,O,,0,0,F,W,N,F,O,S,F,C,S,N,
,,,,,,,,,,0,0,,5,1,O,,0,1,S,W,N,U,O,T,B,L,S,W,
,,,,,,,,,,0,0,,5,1,O,,0,2,F,C,N,F,O,S,B,C,S,N,
,,,,,,,,,,0,0,,5,1,O,,0,3,F,W,C,W,P,T,F,L,S,,
,,,,,,,,,,0,0,,5,1,O,,1,3,F,W,N,F,O,S,F,C,S,N,
,,,,,,,,,,0,0,,5,2,P,,0,0,S,W,C,F,O,S,B,C,M,N,
,,,,,,,,,,0,0,,5,2,P,,0,1,S,W,C,U,O,T,F,C,S,L,
,,,,,,,,,,0,0,,5,2,P,,0,2,S,B,L,F,P,S,F,L,M,N,
,,,,,,,,,,0,0,,5,2,P,,1,2,D,,,D,O,,,,,,
,,,,,,,,,,0,0,,5,2,P,,1,3,S,C,L,U,P,V,B,L,M,N,
,,,,,,,,,,0,0,,5,2,P,,2,3,F,W,C,U,O,T,B,C,S,W,
,,,,,,,,,,0,0,,5,3,O,,0,0,S,B,C,F,P,S,F,C,M,N,
,,,,,,,,,,0,0,,5,3,O,,1,0,S,B,C,W,O,S,F,C,M,,
KATE CUSICK,,,2017-02-17,HOME,,,R,,R,0,0,,1,0,P,,0,0,,,,,,,,,,,Missed first game. Point cougs
,,,,,,,,,,0,0,,1,0,O,,0,0,D,,,D,P,,,,,,
,,,,,,,,,,0,0,,1,0,O,,1,0,S,C,N,A,O,,,,,,
,,,,,,,,,,0,0,,1,0,O,,1,1,F,B,N,A,O,,,,,,
,,,,,,,,,,0,0,,1,0,O,,1,2,F,W,C,F,O,T,B,C,M,N,
,,,,,,,,,,0,0,,1,0,O,,1,3,F,B,C,F,P,T,F,C,S,N,
,,,,,,,,,,0,0,,1,0,O,,2,3,F,B,N,A,O,,,,,,
,,,,,,,,,,0,0,,1,1,P,,0,0,F,B,C,F,O,T,F,L,S,N,
,,,,,,,,,,0,0,,1,1,P,,0,1,D,,,D,O,,,,,,
,,,,,,,,,,0,0,,1,1,P,,0,2,F,C,L,F,O,T,F,L,S,N,
,,,,,,,,,,0,0,,1,1,P,,0,3,F,W,L,F,P,T,F,L,S,N,
,,,,,,,,,,0,0,,1,1,P,,1,3,D,,,D,O,,,,,,
,,,,,,,,,,0,0,,1,2,O,,0,0,F,B,C,W,P,S,B,L,M,,
,,,,,,,,,,0,0,,1,2,O,,1,0,S,B,C,F,P,T,F,C,M,L,
,,,,,,,,,,0,0,,1,2,O,,2,0,S,B,C,F,P,T,F,L,M,L,
,,,,,,,,,,0,0,,1,2,O,,3,0,S,B,C,W,O,T,B,L,M,,
,,,,,,,,,,0,0,,1,2,O,,3,1,S,C,N,A,O,,,,,,
,,,,,,,,,,0,0,,1,2,O,,3,2,F,B,C,F,P,T,B,C,S,N,
,,,,,,,,,,0,0,,2,2,P,,0,0,S,B,C,F,O,S,F,L,S,L,
,,,,,,,,,,0,0,,2,2,P,,0,1,F,B,C,W,P,O,F,C,M,,
,,,,,,,,,,0,0,,2,2,P,,1,1,F,B,N,A,P,,,,,,
,,,,,,,,,,0,0,,2,2,P,,2,1,F,B,C,W,P,T,F,L,S,,
,,,,,,,,,,0,0,,2,2,P,,3,1,F,C,N,A,P,,,,,,
,,,,,,,,,,0,0,,3,2,O,,0,0,F,C,N,A,O,,,,,,
,,,,,,,,,,0,0,,3,2,O,,0,1,F,W,C,W,O,T,B,C,M,,
,,,,,,,,,,0,0,,3,2,O,,0,2,F,B,C,F,O,T,F,C,S,N,
,,,,,,,,,,0,0,,3,2,O,,0,3,F,B,N,A,O,,,,,,
,,,,,,,,,,0,0,,3,3,P,,0,0,F,B,N,A,P,,,,,,
,,,,,,,,,,0,0,,3,3,P,,1,0,F,W,N,A,P,,,,,,
,,,,,,,,,,0,0,,3,3,P,,2,0,F,W,C,F,O,T,F,L,M,L,
,,,,,,,,,,0,0,,3,3,P,,2,1,F,B,C,F,O,T,F,L,M,N,
,,,,,,,,,,0,0,,3,3,P,,2,2,S,B,N,A,P,,,,,,
,,,,,,,,,,0,0,,3,3,P,,3,2,F,B,N,A,P,,,,,,
,,,,,,,,,,0,0,,4,3,O,,0,0,F,B,C,U,P,T,F,C,M,L,
,,,,,,,,,,0,0,,4,3,O,,1,0,F,B,C,U,O,T,F,C,S,W,
,,,,,,,,,,0,0,,4,3,O,,1,1,F,C,N,A,O,,,,,,
,,,,,,,,,,0,0,,4,3,O,,1,2,S,W,C,F,O,T,F,L,L,N,
,,,,,,,,,,0,0,,4,3,O,,1,3,S,B,L,F,P,T,B,L,S,N,
,,,,,,,,,,0,0,,4,3,O,,2,3,F,B,C,U,O,T,F,L,L,N,
,,,,,,,,,,0,0,,4,4,P,,0,0,D,,,D,O,,,,,,
,,,,,,,,,,0,0,,4,4,P,,0,1,S,B,C,U,O,S,B,C,S,L,
,,,,,,,,,,0,0,,4,4,P,,0,2,S,B,N,A,P,,,,,,
,,,,,,,,,,0,0,,4,4,P,,1,2,S,B,N,A,P,,,,,,
,,,,,,,,,,0,0,,4,4,P,,2,2,S,W,N,A,P,,,,,,
,,,,,,,,,,0,0,,4,4,P,,3,2,F,B,C,W,P,T,B,C,S,,
,,,,,,,,,,0,0,,5,4,O,,0,0,F,C,C,U,P,T,F,C,S,W,
,,,,,,,,,,0,0,,5,4,O,,1,0,S,W,C,F,O,L,F,L,S,L,
,,,,,,,,,,0,0,,5,4,O,,1,1,F,B,C,W,O,V,F,L,M,,
,,,,,,,,,,0,0,,5,4,O,,1,2,F,B,C,W,P,S,B,C,L,,
,,,,,,,,,,0,0,,5,4,O,,2,2,F,W,N,A,P,,,,,,
,,,,,,,,,,0,0,,5,4,O,,3,2,F,B,C,F,O,T,B,L,M,L,
,,,,,,,,,,0,0,,5,4,O,,3,3,F,W,C,U,O,T,B,C,M,W,
,,,,,,,,,,0,0,,5,5,P,,0,0,F,B,C,F,O,O,F,C,M,W,
,,,,,,,,,,0,0,,5,5,P,,0,1,D,,,D,O,,,,,,
,,,,,,,,,,0,0,,5,5,P,,0,2,D,,,D,O,,,,,,
,,,,,,,,,,0,0,,5,5,P,,0,3,D,,,D,O,,,,,,
,,,,,,,,,,0,0,,5,6,O,,0,0,F,W,C,W,P,T,F,C,S,,
,,,,,,,,,,0,0,,5,6,O,,1,0,S,W,C,W,O,V,B,L,M,,
,,,,,,,,,,0,0,,5,6,O,,1,1,F,B,C,F,O,T,B,C,S,W,
,,,,,,,,,,0,0,,5,6,O,,1,2,F,B,C,W,P,O,F,C,M,,
,,,,,,,,,,0,0,,5,6,O,,2,2,F,B,C,W,P,T,F,C,S,,
,,,,,,,,,,0,0,,5,6,O,,3,2,F,B,C,F,O,T,B,C,S,N,
,,,,,,,,,,0,0,,5,6,O,,3,3,D,,,D,P,,,,,,
,,,,,,,,,,0,0,,6,6,P,,0,0,S,B,L,F,O,T,B,C,S,N,
,,,,,,,,,,0,0,,6,6,O,,0,1,D,,,D,O,,,,,,
,,,,,,,,,,0,0,,6,6,O,,0,2,F,B,L,F,O,T,B,L,S,N,
,,,,,,,,,,0,0,,6,6,P,,0,3,F,C,C,F,P,L,F,L,L,L,
,,,,,,,,,,0,0,,6,6,P,,1,3,S,B,C,F,O,S,B,L,L,L,
,,,,,,,,,,0,0,,6,7,O,,1,4,F,B,C,W,O,T,F,C,M,,
,,,,,,,,,,0,0,,6,7,O,,1,5,S,C,N,A,O,,,,,,
,,,,,,,,,,0,0,,6,7,P,,1,6,S,W,N,A,P,,,,,,
,,,,,,,,,,0,0,,6,7,P,,2,6,S,B,C,F,P,T,B,C,M,W,
,,,,,,,,,,0,0,,6,7,O,,3,6,F,B,C,U,O,O,B,C,M,W,
,,,,,,,,,,0,1,,0,0,O,,0,0,S,B,C,W,O,T,F,C,M,,
,,,,,,,,,,0,1,,0,0,O,,0,1,S,B,C,W,O,T,F,L,M,,
,,,,,,,,,,0,1,,0,0,O,,0,2,S,B,C,F,P,T,B,L,S,L,
,,,,,,,,,,0,1,,0,0,O,,1,2,F,W,N,A,O,,,,,,
,,,,,,,,,,0,1,,0,0,O,,1,3,S,B,C,F,P,S,F,L,S,L,
,,,,,,,,,,0,1,,0,0,O,,2,3,F,W,C,F,O,T,F,C,M,L,
,,,,,,,,,,0,1,,0,1,P,,0,0,F,C,N,A,P,,,,,,
,,,,,,,,,,0,1,,0,1,P,,1,0,D,,,D,O,,,,,,
,,,,,,,,,,0,1,,0,1,P,,1,1,S,W,C,F,O,T,F,L,S,N,
,,,,,,,,,,0,1,,0,1,P,,1,2,F,W,N,A,P,,,,,,
,,,,,,,,,,0,1,,0,1,P,,2,2,F,B,C,W,P,O,F,C,S,,
,,,,,,,,,,0,1,,0,1,P,,3,2,S,B,N,A,P,,,,,,
,,,,,,,,,,0,1,,1,1,O,,0,0,F,C,C,W,P,T,F,C,L,,
,,,,,,,,,,0,1,,1,1,O,,1,0,F,W,N,A,O,,,,,,
,,,,,,,,,,0,1,,1,1,O,,1,1,F,W,C,W,O,T,F,C,S,,
,,,,,,,,,,0,1,,1,1,O,,1,2,F,W,N,A,O,,,,,,
,,,,,,,,,,0,1,,1,1,O,,1,3,F,B,L,F,P,T,F,C,S,W,
,,,,,,,,,,0,1,,1,1,O,,2,3,D,,,D,P,,,,,,
,,,,,,,,,,0,1,,1,1,O,,3,3,F,C,C,W,P,O,B,L,M,,
,,,,,,,,,,0,1,,2,1,P,,0,0,F,W,C,F,P,T,B,L,S,N,
,,,,,,,,,,0,1,,2,1,P,,1,0,S,W,C,F,P,T,B,C,S,L,
,,,,,,,,,,0,1,,2,1,P,,2,0,F,B,C,W,P,T,F,L,S,,
,,,,,,,,,,0,1,,2,1,P,,3,0,F,W,N,A,P,,,,,,
,,,,,,,,,,0,1,,3,1,O,,0,0,S,B,C,W,P,T,F,C,S,,
,,,,,,,,,,0,1,,3,1,O,,1,0,F,B,C,F,P,S,B,C,M,N,
,,,,,,,,,,0,1,,3,1,O,,2,0,F,C,C,F,P,T,F,L,S,N,
,,,,,,,,,,0,1,,3,1,O,,3,0,F,W,C,U,P,T,F,L,S,N,
,,,,,,,,,,0,1,,4,1,P,,0,0,F,B,N,A,P,,,,,,
,,,,,,,,,,0,1,,4,1,P,,1,0,S,B,C,W,O,L,B,L,S,,
,,,,,,,,,,0,1,,4,1,P,,1,1,F,B,C,F,O,T,B,C,S,W,
,,,,,,,,,,0,1,,4,1,P,,1,2,F,B,C,F,P,T,B,L,S,W,
,,,,,,,,,,0,1,,4,1,P,,2,2,F,W,C,F,P,S,F,L,S,N,
,,,,,,,,,,0,1,,4,1,P,,3,2,S,B,N,A,P,,,,,,
,,,,,,,,,,0,1,,5,1,O,,0,0,F,C,L,W,P,T,F,C,M,,
,,,,,,,,,,0,1,,5,1,O,,1,0,S,B,C,F,O,T,F,L,M,N,
,,,,,,,,,,0,1,,5,1,O,,1,1,F,C,N,A,O,,,,,,
,,,,,,,,,,0,1,,5,1,O,,1,2,S,W,N,A,O,,,,,,
,,,,,,,,,,0,1,,5,1,O,,1,3,F,C,N,A,O,,,,,,
,,,,,,,,,,0,1,,5,2,P,,0,0,D,,,D,O,,,,,,
,,,,,,,,,,0,1,,5,2,P,,0,1,F,B,C,F,O,T,F,L,S,N,
,,,,,,,,,,0,1,,5,2,P,,0,2,F,B,C,W,P,T,F,C,S,,
,,,,,,,,,,0,1,,5,2,P,,1,2,S,W,C,F,P,T,F,L,M,L,
,,,,,,,,,,0,1,,5,2,P,,2,2,D,,,D,O,,,,,,
,,,,,,,,,,0,1,,5,2,P,,2,3,F,B,C,U,O,T,B,C,M,W,
,,,,,,,,,,0,1,,5,3,O,,0,0,D,,,D,P,,,,,,
,,,,,,,,,,0,1,,5,3,O,,1,0,S,W,C,F,P,T,B,C,L,W,
,,,,,,,,,,0,1,,5,3,O,,2,0,D,,,D,P,,,,,,
,,,,,,,,,,0,1,,5,3,O,,3,0,F,B,N,A,O,,,,,,
,,,,,,,,,,0,1,,5,3,O,,3,1,F,B,C,W,P,T,F,C,M,,
,,,,,,,,,,1,1,,0,0,P,,0,0,S,B,C,U,P,T,F,L,M,L,
,,,,,,,,,,1,1,,0,0,P,,1,0,F,W,N,A,P,,,,,,
,,,,,,,,,,1,1,,0,0,P,,2,0,D,,,D,O,,,,,,
,,,,,,,,,,1,1,,0,0,P,,2,1,S,C,C,F,P,T,F,C,L,W,
,,,,,,,,,,1,1,,0,0,P,,3,1,F,B,L,F,O,S,B,L,M,L,
,,,,,,,,,,1,1,,0,0,P,,3,2,F,B,N,A,P,,,,,,
,,,,,,,,,,1,1,,1,0,O,,0,0,S,B,N,A,O,,,,,,
,,,,,,,,,,1,1,,1,0,O,,0,1,F,W,C,F,O,S,B,L,M,L,
,,,,,,,,,,1,1,,1,0,O,,0,2,S,B,C,U,O,T,B,L,M,N,
,,,,,,,,,,1,1,,1,0,O,,0,3,F,B,N,A,O,,,,,,
,,,,,,,,,,1,1,,1,1,P,,0,0,S,B,C,W,O,T,F,L,M,,
,,,,,,,,,,1,1,,1,1,P,,0,1,S,B,C,U,O,T,F,C,M,L,
,,,,,,,,,,1,1,,1,1,P,,0,2,S,W,C,F,O,T,F,C,S,W,
,,,,,,,,,,1,1,,1,1,P,,0,3,F,B,C,W,P,T,F,L,S,,
,,,,,,,,,,1,1,,1,1,P,,1,3,S,B,C,F,P,T,B,C,M,N,
,,,,,,,,,,1,1,,1,1,P,,2,3,S,B,C,F,P,T,B,L,M,L,
,,,,,,,,,,1,1,,1,1,P,,3,3,F,C,C,W,O,T,F,L,M,,
,,,,,,,,,,1,1,,1,2,O,,0,0,F,B,C,U,O,T,F,C,M,N,
,,,,,,,,,,1,1,,1,2,O,,0,1,D,,,D,O,,,,,,
,,,,,,,,,,1,1,,1,2,O,,0,2,F,B,N,A,O,,,,,,
,,,,,,,,,,1,1,,1,2,O,,0,3,F,C,N,A,O,,,,,,
,,,,,,,,,,1,1,,1,3,P,,0,0,S,B,C,U,O,S,B,L,M,N,
,,,,,,,,,,1,1,,1,3,P,,0,1,F,B,C,W,O,T,F,C,M,,
,,,,,,,,,,1,1,,1,3,P,,0,2,S,B,C,F,O,T,F,L,M,N,
,,,,,,,,,,1,1,,1,3,P,,0,3,F,B,C,U,O,T,B,C,S,N,
,,,,,,,,,,1,1,,1,4,O,,0,0,S,B,C,F,P,T,F,L,S,N,
,,,,,,,,,,1,1,,1,4,O,,1,0,F,B,C,F,P,T,F,L,S,N,
,,,,,,,,,,1,1,,1,4,O,,2,0,F,B,C,F,P,T,F,C,M,W,
,,,,,,,,,,1,1,,1,4,O,,3,0,D,,,D,P,,,,,,
,,,,,,,,,,1,1,,2,4,P,,0,0,F,B,C,W,O,T,F,C,M,,
,,,,,,,,,,1,1,,2,4,P,,0,1,F,B,L,F,O,S,F,C,M,W,
,,,,,,,,,,1,1,,2,4,P,,0,2,F,B,C,F,O,T,F,C,S,L,
,,,,,,,,,,1,1,,2,4,P,,0,3,F,W,C,F,P,T,F,L,M,N,
,,,,,,,,,,1,1,,2,4,P,,1,3,F,C,N,A,P,,,,,,
,,,,,,,,,,1,1,,2,4,P,,2,3,F,C,N,A,P,,,,,,
,,,,,,,,,,1,1,,2,4,P,,3,3,F,B,L,F,O,S,B,L,M,L,
,,,,,,,,,,1,1,,2,5,O,,0,0,S,C,L,W,P,T,B,L,M,,
,,,,,,,,,,1,1,,2,5,O,,1,0,F,B,N,A,O,,,,,,
,,,,,,,,,,1,1,,2,5,O,,1,1,F,C,C,F,O,T,F,L,M,L,
,,,,,,,,,,1,1,,2,5,O,,1,2,F,B,L,U,O,T,F,C,M,N,
,,,,,,,,,,1,1,,2,5,O,,1,3,F,C,C,U,O,T,F,L,L,N,
MAYCI JONES,,,2018-03-24,HOME,,,R,,R,0,0,,0,0,P,,0,0,D,,,D,O,,,,,,
,,,,,,,,,,0,0,,0,0,P,,0,1,D,,,D,O,,,,,,
,,,,,,,,,,0,0,,0,0,P,,0,2,F,B,C,U,P,T,F,C,S,L,
,,,,,,,,,,0,0,,0,0,P,,1,2,S,B,N,F,P,T,F,C,S,N,
,,,,,,,,,,0,0,,0,0,P,,2,2,S,W,C,U,O,T,F,C,M,N,
,,,,,,,,,,0,0,,0,0,P,,2,3,D,,,D,O,,,,,,
,,,,,,,,,,0,0,,0,1,O,,0,0,F,B,C,U,O,T,F,C,M,N,
,,,,,,,,,,0,0,,0,1,O,,0,1,F,B,N,F,O,T,F,C,S,L,
,,,,,,,,,,0,0,,0,1,O,,0,2,S,B,C,U,O,T,B,C,S,W,
,,,,,,,,,,0,0,,0,1,O,,0,3,F,B,N,U,O,T,B,C,S,N,
,,,,,,,,,,0,0,,0,2,P,,0,0,D,,,D,O,,,,,,
,,,,,,,,,,0,0,,0,2,P,,0,1,F,B,C,F,P,T,F,C,S,W,
,,,,,,,,,,0,0,,0,2,P,,1,1,F,W,C,F,O,T,B,C,S,L,
,,,,,,,,,,0,0,,0,2,P,,1,2,F,B,C,U,O,T,B,C,S,N,
,,,,,,,,,,0,0,,0,2,P,,1,3,F,W,C,W,P,V,F,C,S,,
,,,,,,,,,,0,0,,0,2,P,,2,3,S,W,C,W,P,V,B,C,M,,
,,,,,,,,,,0,0,,0,2,P,,3,3,S,C,C,U,P,T,B,C,M,N,
,,,,,,,,,,0,0,,1,2,O,,0,0,F,W,N,F,O,T,F,C,S,L,
,,,,,,,,,,0,0,,1,2,O,,0,1,F,B,C,F,O,T,F,C,M,N,
,,,,,,,,,,0,0,,1,2,O,,0,2,D,,,D,P,,,,,,
,,,,,,,,,,0,0,,1,2,O,,1,2,F,W,C,W,O,T,B,C,S,,
,,,,,,,,,,0,0,,1,2,O,,1,3,F,W,C,W,O,T,F,L,S,,
,,,,,,,,,,0,0,,1,3,P,,0,0,D,,,D,O,,,,,,
,,,,,,,,,,0,0,,1,3,P,,0,1,F,W,L,F,P,T,F,L,M,W,
,,,,,,,,,,0,0,,1,3,P,,1,1,F,C,C,F,P,T,B,L,S,W,
,,,,,,,,,,0,0,,1,3,P,,2,1,F,B,C,F,P,T,F,C,M,L,
,,,,,,,,,,0,0,,1,3,P,,3,1,D,,,D,O,,,,,,
,,,,,,,,,,0,0,,1,3,P,,3,2,F,B,C,W,P,T,F,C,M,,
,,,,,,,,,,0,0,,2,3,O,,0,0,F,B,C,F,P,T,F,C,S,N,
,,,,,,,,,,0,0,,2,3,O,,1,0,S,B,C,W,O,T,F,C,S,,
,,,,,,,,,,0,0,,2,3,O,,1,1,D,,,D,P,,,,,,
,,,,,,,,,,0,0,,2,3,O,,2,1,S,B,C,F,O,V,F,C,M,L,
,,,,,,,,,,0,0,,2,3,O,,2,2,F,W,C,U,O,T,B,C,M,W,
,,,,,,,,,,0,0,,2,3,O,,2,3,F,B,C,U,P,T,B,C,M,L,
,,,,,,,,,,0,0,,2,3,O,,3,3,F,B,C,U,O,T,B,C,L,N,
,,,,,,,,,,0,0,,2,4,P,,0,0,F,W,C,U,O,T,B,C,S,L,
,,,,,,,,,,0,0,,2,4,P,,0,1,S,B,C,F,O,T,B,C,S,N,
,,,,,,,,,,0,0,,2,4,P,,0,2,F,B,C,U,P,T,F,C,M,L,
,,,,,,,,,,0,0,,2,4,P,,1,2,F,W,N,F,P,T,B,C,S,L,
,,,,,,,,,,0,0,,2,4,P,,2,2,F,B,C,U,P,T,F,C,M,W,
,,,,,,,,,,0,0,,2,4,P,,3,2,F,B,C,U,P,T,B,C,L,W,
,,,,,,,,,,0,0,,3,4,O,,0,0,F,B,N,F,O,T,F,C,S,L,
,,,,,,,,,,0,0,,3,4,O,,0,1,S,B,N,F,O,T,B,C,S,W,
,,,,,,,,,,0,0,,3,4,O,,0,2,D,,,D,P,,,,,,
,,,,,,,,,,0,0,,3,4,O,,1,2,F,B,N,F,O,T,F,C,S,L,
,,,,,,,,,,0,0,,3,4,O,,1,3,F,W,N,F,O,T,F,C,S,N,
,,,,,,,,,,0,0,,3,5,P,,0,0,F,C,N,F,P,,,,,L,
,,,,,,,,,,0,0,,3,5,P,,1,0,F,B,C,W,P,T,F,C,M,,
,,,,,,,,,,0,0,,3,5,P,,2,0,F,B,C,W,O,T,F,C,M,,
,,,,,,,,,,0,0,,3,5,P,,2,1,S,B,C,U,O,T,F,C,S,W,
,,,,,,,,,,0,0,,3,5,P,,2,2,S,B,C,U,P,T,F,C,M,L,
,,,,,,,,,,0,0,,3,5,P,,3,2,S,W,C,U,P,T,B,C,M,L,
,,,,,,,,,,0,0,,4,5,O,,0,0,F,W,C,F,O,T,B,C,M,N,
,,,,,,,,,,0,0,,4,5,O,,0,1,S,W,C,U,P,T,F,L,M,W,
,,,,,,,,,,0,0,,4,5,O,,1,1,F,B,C,U,P,S,B,C,S,N,
,,,,,,,,,,0,0,,4,5,O,,2,1,S,B,N,U,O,T,B,C,S,L,
,,,,,,,,,,0,0,,4,5,O,,2,2,F,C,C,F,P,T,F,C,S,L,
,,,,,,,,,,0,0,,4,5,O,,3,2,S,C,C,F,P,T,B,C,L,N,
,,,,,,,,,,0,0,,5,5,P,,0,0,F,B,C,W,P,S,F,C,L,,
,,,,,,,,,,0,0,,5,5,P,,1,0,S,B,N,F,P,T,B,C,S,N,
,,,,,,,,,,0,0,,5,5,P,,2,0,S,C,C,W,P,T,F,C,S,,
,,,,,,,,,,0,0,,5,5,P,,3,0,F,B,C,U,P,T,F,L,M,L,
,,,,,,,,,,1,0,,6,5,O,,0,0,S,B,C,U,P,T,F,C,L,L,
,,,,,,,,,,1,0,,6,5,O,,1,0,S,B,C,W,P,T,F,C,M,,
,,,,,,,,,,1,0,,6,5,O,,2,0,F,W,C,U,P,T,B,C,M,L,
,,,,,,,,,,1,0,,6,5,O,,3,0,F,W,N,A,O,,,,,,
,,,,,,,,,,1,0,,6,5,O,,3,1,D,,,D,P,,,,,,
,,,,,,,,,,1,0,,0,0,P,,0,0,F,B,C,W,O,T,F,C,S,,
,,,,,,,,,,1,0,,0,0,P,,0,1,S,B,N,F,P,T,F,C,S,L,
,,,,,,,,,,1,0,,0,0,P,,1,1,D,,,D,O,,,,,,
,,,,,,,,,,1,0,,0,0,P,,1,2,S,B,N,F,P,T,B,C,S,N,
,,,,,,,,,,1,0,,0,0,P,,2,2,S,B,C,U,O,T,F,C,S,N,
,,,,,,,,,,1,0,,0,0,P,,2,3,S,W,L,U,O,T,B,C,M,N,
,,,,,,,,,,1,0,,0,1,O,,0,0,F,W,N,F,O,T,F,L,S,W,
,,,,,,,,,,1,0,,0,1,O,,0,1,F,W,C,F,O,T,F,C,L,N,
,,,,,,,,,,1,0,,0,1,O,,0,2,F,B,C,U,O,T,F,C,M,N,
,,,,,,,,,,1,0,,0,1,O,,0,3,S,W,C,,P,,,,,,
,,,,,,,,,,1,0,,0,1,O,,1,3,D,,,D,P,,,,,,
,,,,,,,,,,1,0,,0,1,O,,2,3,F,C,C,F,P,T,F,C,S,W,
,,,,,,,,,,1,0,,0,1,O,,3,3,F,B,C,F,O,S,B,C,S,L,
,,,,,,,,,,1,0,,0,2,P,,0,0,F,B,N,F,P,,,,,N,
,,,,,,,,,,1,0,,0,2,P,,1,0,F,W,C,U,P,T,B,C,S,N,
,,,,,,,,,,1,0,,0,2,P,,2,0,F,B,C,W,P,T,B,L,M,,
,,,,,,,,,,1,0,,0,2,P,,3,0,S,B,C,F,O,S,B,C,S,N,
,,,,,,,,,,1,0,,0,2,P,,3,1,F,B,C,U,P,T,F,L,L,W,
,,,,,,,,,,1,0,,1,2,O,,0,0,F,B,C,F,O,T,F,C,M,N,
,,,,,,,,,,1,0,,1,2,O,,0,1,S,B,N,F,O,T,F,C,S,L,
,,,,,,,,,,1,0,,1,2,O,,0,2,F,B,N,F,O,T,F,C,S,L,
,,,,,,,,,,1,0,,1,2,O,,0,3,F,B,C,U,O,T,F,C,L,L,
,,,,,,,,,,1,0,,1,3,P,,0,0,D,,,D,O,,,,,,
,,,,,,,,,,1,0,,1,3,P,,0,1,F,W,C,U,O,S,B,L,S,N,
,,,,,,,,,,1,0,,1,3,P,,0,2,S,B,L,F,P,,,,,,
,,,,,,,,,,1,0,,1,3,P,,1,2,D,,,D,O,,,,,,
,,,,,,,,,,1,0,,1,3,P,,1,3,S,C,N,F,P,T,B,C,S,N,
,,,,,,,,,,1,0,,1,3,P,,2,3,F,B,C,F,P,S,F,C,S,L,
,,,,,,,,,,1,0,,1,3,P,,3,3,F,W,C,U,P,T,B,C,M,W,
,,,,,,,,,,1,0,,2,3,O,,0,0,F,W,C,U,P,T,B,C,L,L,
,,,,,,,,,,1,0,,2,3,O,,1,0,F,B,C,F,P,T,F,L,M,N,
,,,,,,,,,,1,0,,2,3,O,,2,0,F,C,N,F,O,T,B,C,S,N,
,,,,,,,,,,1,0,,2,3,O,,2,1,F,B,N,F,O,T,B,C,S,L,
,,,,,,,,,,1,0,,2,3,O,,2,2,F,C,C,F,O,L,B,C,S,W,
,,,,,,,,,,1,0,,2,3,O,,2,3,F,B,C,U,O,T,B,C,L,W,
,,,,,,,,,,1,0,,2,4,P,,0,0,F,B,N,F,P,T,F,C,S,N,
,,,,,,,,,,1,0,,2,4,P,,1,0,F,W,C,U,P,T,B,C,M,N,
,,,,,,,,,,1,0,,2,4,P,,2,0,F,C,N,F,P,T,B,C,S,W,
,,,,,,,,,,1,0,,2,4,P,,3,0,D,,,D,O,,,,,,
,,,,,,,,,,1,0,,2,4,P,,3,1,F,B,C,U,P,T,F,C,M,W,
,,,,,,,,,,1,0,,3,4,O,,0,0,F,W,N,F,O,T,F,C,S,N,
,,,,,,,,,,1,0,,3,4,O,,0,1,F,W,C,W,P,T,F,C,M,,
,,,,,,,,,,1,0,,3,4,O,,1,1,F,W,C,F,O,S,B,C,M,N,
,,,,,,,,,,1,0,,3,4,O,,1,2,F,B,C,U,P,T,F,C,S,L,
,,,,,,,,,,1,0,,3,4,O,,2,2,F,B,N,F,O,T,F,C,S,N,
,,,,,,,,,,1,0,,3,4,O,,2,3,F,C,C,F,P,T,B,L,L,N,
,,,,,,,,,,1,0,,3,4,O,,3,3,F,B,C,U,O,T,F,C,M,N,
,,,,,,,,,,1,0,,3,5,P,,0,0,D,,,D,O,,,,,,
,,,,,,,,,,1,0,,3,5,P,,0,1,S,W,C,U,P,T,B,L,M,W,
,,,,,,,,,,1,0,,3,5,P,,1,1,S,B,L,U,O,T,F,C,M,W,
,,,,,,,,,,1,0,,3,5,P,,1,2,F,B,C,W,P,T,F,L,S,,
,,,,,,,,,,1,0,,3,5,P,,2,2,F,C,C,U,O,T,F,C,S,N,
,,,,,,,,,,1,0,,3,5,P,,2,3,F,B,C,U,O,T,F,C,S,N,
,,,,,,,,,,1,1,,0,0,O,,0,0,F,W,C,W,O,T,F,C,S,,
,,,,,,,,,,1,1,,0,0,O,,0,1,D,,,D,P,,,,,,
,,,,,,,,,,1,1,,0,0,O,,1,1,F,B,C,F,O,T,B,C,M,N,
,,,,,,,,,,1,1,,0,0,O,,1,2,S,W,C,U,O,T,F,C,M,L,
,,,,,,,,,,1,1,,0,0,O,,1,3,F,W,,A,O,,,,,,
,,,,,,,,,,1,1,,0,1,P,,0,0,F,B,C,U,O,T,B,C,S,N,
,,,,,,,,,,1,1,,0,1,P,,0,1,S,W,L,W,O,T,B,C,M,,
,,,,,,,,,,1,1,,0,1,P,,0,2,F,B,C,U,P,T,B,C,M,N,
,,,,,,,,,,1,1,,0,1,P,,1,2,F,B,C,F,O,T,F,C,S,N,
,,,,,,,,,,1,1,,0,1,P,,1,3,S,B,C,U,O,T,B,C,S,N,
,,,,,,,,,,1,1,,0,2,O,,0,0,F,W,C,W,P,T,F,C,S,,
,,,,,,,,,,1,1,,0,2,O,,1,0,S,W,C,W,O,T,F,C,S,,
,,,,,,,,,,1,1,,0,2,O,,1,1,F,B,N,F,O,T,B,C,S,L,
,,,,,,,,,,1,1,,0,2,O,,1,2,S,B,N,F,O,T,B,C,S,L,
,,,,,,,,,,1,1,,0,2,O,,1,3,S,B,C,U,P,T,B,C,M,N,
,,,,,,,,,,1,1,,0,2,O,,2,3,F,B,C,U,P,S,B,C,S,N,
,,,,,,,,,,1,1,,0,2,O,,3,3,S,W,C,F,P,T,B,C,S,L,
,,,,,,,,,,1,1,,1,2,P,,0,0,S,B,C,W,O,T,F,L,S,,
,,,,,,,,,,1,1,,1,2,P,,0,1,F,W,C,U,O,T,B,C,M,L,
,,,,,,,,,,1,1,,1,2,P,,0,2,S,C,C,U,O,T,B,C,S,N,
,,,,,,,,,,1,1,,1,2,P,,0,3,S,B,C,F,O,T,F,C,S,N,
,,,,,,,,,,1,1,,1,3,O,,0,0,S,B,N,F,O,T,F,C,S,N,
,,,,,,,,,,1,1,,1,3,O,,0,1,S,C,C,U,P,T,F,C,S,N,
,,,,,,,,,,1,1,,1,3,O,,1,1,S,B,C,W,P,T,F,C,S,,
,,,,,,,,,,1,1,,1,3,O,,2,1,D,,,D,P,,,,,,
,,,,,,,,,,1,1,,1,3,O,,3,1,F,W,N,F,O,T,F,C,S,N,
,,,,,,,,,,1,1,,1,3,O,,3,2,S,B,C,F,P,T,F,L,M,N,
,,,,,,,,,,1,1,,2,3,P,,0,0,F,W,C,F,O,T,B,C,S,N,
,,,,,,,,,,1,1,,2,3,P,,0,1,D,,,D,O,,,,,,
,,,,,,,,,,1,1,,2,3,P,,0,2,F,B,N,F,P,T,B,C,S,L,
,,,,,,,,,,1,1,,2,3,P,,1,2,F,W,N,F,P,T,B,C,S,N,
,,,,,,,,,,1,1,,2,3,P,,2,2,F,C,C,U,O,T,B,C,L,L,
,,,,,,,,,,1,1,,2,3,P,,2,3,F,W,C,U,O,T,F,C,S,N,
,,,,,,,,,,1,1,,2,4,O,,0,0,F,W,C,F,O,,,,,,
,,,,,,,,,,1,1,,2,4,O,,0,1,S,B,L,W,P,T,F,L,S,,
,,,,,,,,,,1,1,,2,4,O,,1,1,F,W,N,,O,,,,,,
,,,,,,,,,,1,1,,2,4,O,,1,2,F,B,N,F,O,T,F,C,S,N,
,,,,,,,,,,1,1,,2,4,O,,1,3,F,W,N,F,O,T,F,C,S,N,
,,,,,,,,,,1,1,,2,5,P,,0,0,F,B,C,U,O,T,B,C,M,W,
,,,,,,,,,,1,1,,2,5,P,,0,1,S,W,N,F,P,T,B,L,S,W,
,,,,,,,,,,1,1,,2,5,P,,1,1,F,B,C,F,O,T,F,C,S,N,
,,,,,,,,,,1,1,,2,5,P,,1,2,D,,,D,O,,,,,,
,,,,,,,,,,1,1,,2,5,P,,1,3,F,C,N,F,P,T,B,C,S,L,
,,,,,,,,,,1,1,,2,5,P,,2,3,S,B,N,F,P,T,F,C,S,L,
,,,,,,,,,,1,1,,2,5,P,,3,3,S,B,N,F,P,T,F,C,S,N,
,,,,,,,,,,1,1,,3,5,O,,0,0,S,B,N,F,O,T,F,L,S,N,
,,,,,,,,,,1,1,,3,5,O,,0,1,D,,,D,P,,,,,,
,,,,,,,,,,1,1,,3,5,O,,1,1,F,W,N,F,O,T,F,C,S,N,
,,,,,,,,,,1,1,,3,5,O,,1,2,F,W,C,,P,,,,,,
,,,,,,,,,,1,1,,3,5,O,,2,2,F,B,N,F,O,T,B,C,S,N,
,,,,,,,,,,1,1,,3,5,O,,2,3,S,W,N,F,O,T,F,L,S,N,
ANASTASIA ABRAMYAN,,,2017-02-17,HOME,,,R,,R,0,0,,0,0,P,,0,0,F,W,C,F,O,T,F,L,M,L,
,,,,,,,,,,0,0,,0,0,O,,0,1,F,B,C,U,P,T,B,C,M,L,
,,,,,,,,,,0,0,,0,0,O,,1,1,D,,,,P,,,,,N,
,,,,,,,,,,0,0,,0,0,O,,2,1,F,B,C,U,O,T,F,C,S,L,
,,,,,,,,,,0,0,,0,0,O,,2,2,F,W,L,F,P,T,B,C,M,N,
,,,,,,,,,,0,0,,0,0,O,,3,2,D,,,,P,,,,,L,
,,,,,,,,,,0,0,,1,0,P,,0,0,F,W,C,W,O,T,F,L,L,,
,,,,,,,,,,0,0,,1,0,P,,0,1,F,B,C,U,P,T,F,C,S,L,
,,,,,,,,,,0,0,,1,0,P,,1,1,D,,,,O,,,,,N,
,,,,,,,,,,0,0,,1,0,P,,1,2,D,,,,O,,,,,W,
,,,,,,,,,,0,0,,1,0,P,,1,3,F,B,L,W,P,T,B,C,S,,
,,,,,,,,,,0,0,,1,0,P,,2,3,S,W,C,W,O,S,B,L,S,,
,,,,,,,,,,0,0,,1,1,O,,0,0,F,W,N,F,O,S,B,L,S,N,
,,,,,,,,,,0,0,,1,1,O,,0,1,D,,,,P,,,,,N,
,,,,,,,,,,0,0,,1,1,O,,1,1,F,B,C,U,O,T,B,C,M,N,
,,,,,,,,,,0,0,,1,1,O,,1,2,F,B,C,W,O,T,B,L,S,,
,,,,,,,,,,0,0,,1,1,O,,1,3,D,,,,P,,,,,L,
,,,,,,,,,,0,0,,1,1,O,,2,3,S,W,C,U,O,T,F,C,M,W,
,,,,,,,,,,0,0,,1,2,P,,0,0,S,B,C,U,O,T,B,C,S,L,
,,,,,,,,,,0,0,,1,2,P,,0,1,F,B,N,F,P,,,,,N,
,,,,,,,,,,0,0,,1,2,P,,1,1,D,,,,O,,,,,N,
,,,,,,,,,,0,0,,1,2,P,,1,2,S,B,L,U,O,T,B,C,M,W,
,,,,,,,,,,0,0,,1,2,P,,1,3,F,C,L,W,P,T,F,L,S,,
,,,,,,,,,,0,0,,1,2,P,,2,3,D,,,,O,,,,,L,
,,,,,,,,,,0,0,,1,3,O,,0,0,F,C,C,W,O,T,F,C,M,,
,,,,,,,,,,0,0,,1,3,O,,0,1,F,W,C,U,O,T,F,L,M,L,
,,,,,,,,,,0,0,,1,3,O,,0,2,S,W,C,U,P,T,F,C,S,L,
,,,,,,,,,,0,0,,1,3,O,,1,2,F,C,L,F,O,T,F,C,M,N,
,,,,,,,,,,0,0,,1,3,O,,1,3,F,W,N,F,O,T,F,C,S,N,
,,,,,,,,,,0,0,,1,4,P,,0,0,S,B,C,W,O,T,B,L,M,,
,,,,,,,,,,0,0,,1,4,P,,0,1,F,B,C,W,O,T,B,L,S,,
,,,,,,,,,,0,0,,1,4,P,,0,2,F,C,C,F,P,T,B,L,M,L,
,,,,,,,,,,0,0,,1,4,P,,1,2,D,,,,O,,,,,L,
,,,,,,,,,,0,0,,1,4,P,,1,3,F,W,C,U,P,T,B,L,M,N,
,,,,,,,,,,0,0,,1,4,P,,2,3,F,C,C,W,O,T,B,C,M,,
,,,,,,,,,,0,0,,1,5,O,,0,0,D,,,,P,,,,,L,
,,,,,,,,,,0,0,,1,5,O,,1,0,F,W,N,F,O,T,B,C,S,N,
,,,,,,,,,,0,0,,1,5,O,,1,1,F,B,C,W,O,T,B,L,M,,
,,,,,,,,,,0,0,,1,5,O,,1,2,F,W,C,W,O,T,B,L,S,,
,,,,,,,,,,0,0,,1,5,O,,1,3,S,W,C,U,P,T,B,C,M,W,
,,,,,,,,,,0,0,,1,5,O,,2,3,D,,,,P,,,,,N,
,,,,,,,,,,0,0,,1,5,O,,3,3,D,,,,P,,,,,L,
,,,,,,,,,,0,0,,2,5,P,,0,0,F,B,C,F,O,O,B,C,S,N,
,,,,,,,,,,0,0,,2,5,P,,0,1,S,B,L,W,O,T,F,C,M,,
,,,,,,,,,,0,0,,2,5,P,,0,2,F,B,L,U,O,T,B,C,M,W,
,,,,,,,,,,0,0,,2,5,P,,0,3,F,W,L,U,O,T,F,C,S,N,
,,,,,,,,,,0,1,,0,0,P,,0,0,S,W,C,W,P,T,B,C,M,,
,,,,,,,,,,0,1,,0,0,P,,1,0,S,C,L,W,O,T,B,L,M,,
,,,,,,,,,,0,1,,0,0,P,,1,1,F,W,N,F,O,T,F,C,S,W,
,,,,,,,,,,0,1,,0,0,P,,1,2,F,B,L,U,O,L,F,C,S,L,
,,,,,,,,,,0,1,,0,0,P,,1,3,D,,,,P,,,,,N,
,,,,,,,,,,0,1,,0,0,P,,2,3,S,W,C,U,P,T,B,C,S,N,
,,,,,,,,,,0,1,,0,0,P,,3,3,S,B,C,F,O,S,B,L,S,N,
,,,,,,,,,,0,1,,0,1,O,,0,0,F,C,C,F,P,S,F,L,M,N,
,,,,,,,,,,0,1,,0,1,O,,1,0,F,C,C,F,O,T,B,C,S,N,
,,,,,,,,,,0,1,,0,1,O,,1,1,F,C,C,U,P,T,B,L,M,L,
,,,,,,,,,,0,1,,0,1,O,,2,1,F,W,L,W,P,T,F,L,S,,
,,,,,,,,,,0,1,,0,1,O,,3,1,D,,,,O,,,,,N,
,,,,,,,,,,0,1,,0,1,O,,3,2,F,C,C,W,O,T,F,L,M,,
,,,,,,,,,,0,1,,0,1,O,,3,3,F,C,L,U,O,T,B,L,M,L,
,,,,,,,,,,0,1,,0,2,P,,0,0,S,C,N,U,O,T,F,C,S,N,
,,,,,,,,,,0,1,,0,2,P,,0,1,F,W,N,U,O,T,B,C,S,W,
,,,,,,,,,,0,1,,0,2,P,,0,2,F,W,C,F,P,T,B,L,S,W,
,,,,,,,,,,0,1,,0,2,P,,1,2,F,W,L,U,P,T,B,C,S,W,
,,,,,,,,,,0,1,,0,2,P,,2,2,F,B,C,F,O,T,F,C,L,L,
,,,,,,,,,,0,1,,0,2,P,,2,3,S,B,C,W,P,T,F,L,M,,
,,,,,,,,,,0,1,,0,2,P,,3,3,F,B,C,U,O,T,F,C,M,N,
,,,,,,,,,,0,1,,0,3,O,,0,0,D,,,,O,,,,,N,
,,,,,,,,,,0,1,,0,3,O,,0,1,S,C,C,U,O,T,F,C,M,N,
,,,,,,,,,,0,1,,0,3,O,,0,2,F,B,C,W,O,T,F,C,L,,
,,,,,,,,,,0,1,,0,3,O,,0,3,S,C,N,F,P,T,B,L,S,L,
,,,,,,,,,,0,1,,0,3,O,,1,3,S,C,L,U,P,T,F,C,S,L,
,,,,,,,,,,0,1,,0,3,O,,2,3,F,C,C,U,P,T,F,L,M,N,
,,,,,,,,,,0,1,,0,3,O,,3,3,F,C,L,U,P,T,F,L,M,L,
,,,,,,,,,,0,1,,1,3,P,,0,0,D,,,,P,,,,,L,
,,,,,,,,,,0,1,,1,3,P,,1,0,S,B,C,U,O,T,B,L,S,W,
,,,,,,,,,,0,1,,1,3,P,,1,1,F,W,L,U,P,T,F,L,S,W,
,,,,,,,,,,0,1,,1,3,P,,2,1,F,C,L,U,P,T,F,C,M,W,
,,,,,,,,,,0,1,,1,3,P,,3,1,F,W,N,F,O,T,F,C,S,N,
,,,,,,,,,,0,1,,1,3,P,,3,2,F,W,C,U,P,T,F,C,M,L,
,,,,,,,,,,0,1,,2,3,O,,0,0,S,B,L,W,O,T,B,C,S,,
,,,,,,,,,,0,1,,2,3,O,,0,1,F,C,C,U,P,T,B,C,S,L,
,,,,,,,,,,0,1,,2,3,O,,1,1,F,W,C,U,O,T,F,C,S,N,
,,,,,,,,,,0,1,,2,3,O,,1,2,F,W,C,W,P,T,B,L,S,,
,,,,,,,,,,0,1,,2,3,O,,2,2,F,W,C,W,O,T,B,L,M,,
,,,,,,,,,,0,1,,2,3,O,,2,3,F,B,L,U,P,T,F,C,M,N,
,,,,,,,,,,0,1,,2,3,O,,3,3,F,W,C,U,O,T,B,C,M,N,
,,,,,,,,,,0,1,,2,4,P,,0,0,S,W,C,U,P,T,F,C,M,N,
,,,,,,,,,,0,1,,2,4,P,,1,0,F,W,C,U,P,T,F,L,S,W,
,,,,,,,,,,0,1,,2,4,P,,2,0,F,W,N,F,O,T,F,C,S,W,
,,,,,,,,,,0,1,,2,4,P,,2,1,F,W,C,F,O,S,B,L,M,N,
,,,,,,,,,,0,1,,2,4,P,,2,2,F,C,N,F,O,T,F,C,S,L,
,,,,,,,,,,0,1,,2,4,P,,2,3,F,W,N,F,O,T,B,C,S,L,
,,,,,,,,,,0,1,,2,5,O,,0,0,F,B,N,F,P,T,F,C,S,N,
,,,,,,,,,,0,1,,2,5,O,,1,0,F,W,C,U,P,S,F,C,S,N,
,,,,,,,,,,0,1,,2,5,O,,2,0,F,B,C,W,P,T,F,L,S,,
,,,,,,,,,,0,1,,2,5,O,,3,0,S,B,C,U,P,T,F,L,L,L,
,,,,,,,,,,0,1,,3,5,P,,0,0,F,W,C,W,O,T,F,C,M,,
,,,,,,,,,,0,1,,3,5,P,,0,1,S,W,C,U,O,T,B,L,M,L,
,,,,,,,,,,0,1,,3,5,P,,0,2,S,W,C,U,P,T,F,C,M,L,
,,,,,,,,,,0,1,,3,5,P,,1,2,F,W,C,U,P,T,F,C,M,N,
,,,,,,,,,,0,1,,3,5,P,,2,2,S,W,C,U,P,T,F,C,M,L,
,,,,,,,,,,0,1,,3,5,P,,3,2,D,,,,P,,,,,N,
,,,,,,,,,,0,1,,4,5,O,,0,0,F,W,C,F,O,S,B,C,M,N,
,,,,,,,,,,0,1,,4,5,O,,0,1,F,W,C,U,P,T,B,L,M,N,
,,,,,,,,,,0,1,,4,5,O,,1,1,F,W,C,U,O,T,B,L,M,N,
,,,,,,,,,,0,1,,4,5,O,,1,2,S,W,C,U,O,T,F,C,M,L,
,,,,,,,,,,0,1,,4,5,O,,1,3,F,B,C,W,P,T,F,C,S,,
,,,,,,,,,,0,1,,4,5,O,,2,3,F,W,C,U,P,T,B,C,S,N,
,,,,,,,,,,0,1,,4,5,O,,3,3,F,C,C,U,P,T,B,L,M,L,
,,,,,,,,,,0,1,,5,5,P,,0,0,S,W,C,U,P,T,F,L,M,L,
,,,,,,,,,,0,1,,5,5,P,,1,0,F,W,C,W,O,T,B,L,S,,
,,,,,,,,,,0,1,,5,5,P,,1,1,S,B,C,U,O,T,F,C,S,L,
,,,,,,,,,,0,1,,5,5,P,,1,2,F,B,C,U,P,T,B,C,M,L,
,,,,,,,,,,0,1,,5,5,P,,2,2,D,,,,P,,,,,L,
,,,,,,,,,,0,1,,5,5,P,,3,2,F,W,C,W,P,L,F,L,M,,
,,,,,,,,,,0,1,,6,5,O,,0,0,D,,,,O,,,,,L,
,,,,,,,,,,0,1,,6,5,O,,0,1,F,C,C,U,P,T,F,C,M,N,
,,,,,,,,,,0,1,,6,5,O,,1,1,F,B,C,F,O,S,F,L,M,W,
,,,,,,,,,,0,1,,6,5,O,,1,2,F,W,C,F,O,T,B,C,M,N,
,,,,,,,,,,0,1,,6,5,O,,1,3,F,W,C,W,P,T,B,C,M,,
,,,,,,,,,,0,1,,6,5,O,,2,3,F,W,C,U,P,T,B,C,M,N,
,,,,,,,,,,0,1,,6,5,O,,3,3,F,W,C,U,O,T,B,L,M,N,
,,,,,,,,,,0,1,,6,6,P,,0,0,F,W,N,F,O,T,F,L,S,N,
,,,,,,,,,,0,1,,6,6,P,,0,1,F,W,C,W,P,T,F,L,M,,
,,,,,,,,,,0,1,,6,6,P,,1,1,F,C,L,U,O,T,F,C,S,W,
,,,,,,,,,,0,1,,6,6,P,,1,2,F,C,C,F,P,S,B,C,M,N,
,,,,,,,,,,0,1,,6,6,P,,2,2,S,B,C,W,O,T,B,C,L,,
,,,,,,,,,,0,1,,6,6,P,,2,3,F,W,C,U,O,T,B,C,L,L,
,,,,,,,,,,0,1,,6,6,P,,2,4,F,C,C,U,P,T,B,C,S,L,
,,,,,,,,,,0,1,,6,6,P,,3,4,S,B,C,U,P,T,B,L,M,L,
,,,,,,,,,,0,1,,6,6,P,,4,4,S,W,C,U,O,T,B,L,M,L,
,,,,,,,,,,0,1,,6,6,P,,4,5,F,C,C,U,P,T,B,L,M,L,
,,,,,,,,,,0,1,,6,6,P,,5,5,F,W,L,U,P,T,F,L,S,L,
,,,,,,,,,,0,1,,6,6,P,,6,5,S,W,C,U,O,T,F,C,M,N,
,,,,,,,,,,0,1,,6,6,P,,6,6,F,C,C,U,P,S,F,L,M,L,
,,,,,,,,,,0,1,,6,6,P,,7,6,F,C,C,W,O,T,F,C,L,,
,,,,,,,,,,0,1,,6,6,P,,7,7,F,C,C,F,O,,,,,,
,,,,,,,,,,0,1,,6,6,P,,7,8,D,,,,P,,,,,L,
,,,,,,,,,,0,1,,6,6,P,,8,8,F,W,C,U,P,T,F,C,M,W,
,,,,,,,,,,0,1,,6,6,P,,9,8,F,C,L,U,P,T,F,C,S,L,
,,,,,,,,,,1,1,,0,0,P,,0,0,F,W,N,,P,T,F,L,S,N,
,,,,,,,,,,1,1,,0,0,P,,1,0,F,C,C,W,P,T,B,C,M,,
,,,,,,,,,,1,1,,0,0,P,,2,0,S,W,N,F,P,T,F,L,S,W,
,,,,,,,,,,1,1,,0,0,P,,3,0,S,W,C,F,O,S,B,C,S,N,
,,,,,,,,,,1,1,,0,0,P,,3,1,F,W,C,U,P,T,F,C,M,L,
,,,,,,,,,,1,1,,1,0,O,,0,0,D,,,,P,,,,,N,
,,,,,,,,,,1,1,,1,0,O,,1,0,F,W,C,W,P,T,B,C,L,,
,,,,,,,,,,1,1,,1,0,O,,2,0,F,C,C,U,P,V,F,C,S,N,
,,,,,,,,,,1,1,,1,0,O,,3,0,F,C,C,W,O,T,B,C,M,,
,,,,,,,,,,1,1,,1,0,O,,3,1,F,W,C,U,P,T,B,L,M,N,
,,,,,,,,,,1,1,,2,0,P,,0,0,F,B,C,F,O,T,B,C,M,L,
,,,,,,,,,,1,1,,2,0,P,,0,1,S,C,L,U,P,T,F,L,M,N,
,,,,,,,,,,1,1,,2,0,P,,1,1,F,C,C,W,P,T,F,L,M,,
,,,,,,,,,,1,1,,2,0,P,,2,1,D,,,,O,,,,,L,
,,,,,,,,,,1,1,,2,0,P,,2,2,F,B,C,U,P,T,F,L,M,L,
,,,,,,,,,,1,1,,2,0,P,,3,2,D,,,,O,,,,,N,
,,,,,,,,,,1,1,,2,0,P,,3,3,F,B,C,U,P,T,B,L,L,N,
,,,,,,,,,,1,1,,3,0,O,,0,0,S,B,C,W,O,O,F,L,M,,
,,,,,,,,,,1,1,,3,0,O,,0,1,D,,,,P,,,,,N,
,,,,,,,,,,1,1,,3,0,O,,1,1,F,W,C,U,P,T,F,L,S,L,
,,,,,,,,,,1,1,,3,0,O,,2,1,F,C,C,U,P,T,B,C,S,L,
,,,,,,,,,,1,1,,3,0,O,,3,1,F,C,N,F,O,S,B,L,S,W,
,,,,,,,,,,1,1,,3,0,O,,3,2,S,W,C,U,P,T,B,L,S,N,
,,,,,,,,,,1,1,,4,0,P,,0,0,S,W,N,F,P,T,F,C,S,N,
,,,,,,,,,,1,1,,4,0,P,,1,0,S,C,C,U,O,T,B,L,M,N,
,,,,,,,,,,1,1,,4,0,P,,1,1,D,,,,O,,,,,L,
,,,,,,,,,,1,1,,4,0,P,,1,2,F,C,C,U,O,T,B,C,M,N,
,,,,,,,,,,1,1,,4,0,P,,1,3,F,C,C,F,P,,,,,,
,,,,,,,,,,1,1,,4,0,P,,2,3,F,C,L,U,P,T,F,L,S,W,
,,,,,,,,,,1,1,,4,0,P,,3,3,F,C,C,U,P,T,F,L,M,N,
,,,,,,,,,,1,1,,5,0,O,,0,0,S,W,C,U,P,T,F,L,M,N,
,,,,,,,,,,1,1,,5,0,O,,1,0,S,B,C,,O,,,,,,
,,,,,,,,,,1,1,,5,0,O,,1,1,F,W,N,F,O,T,F,C,S,W,
,,,,,,,,,,1,1,,5,0,O,,1,2,F,B,N,F,O,T,B,C,S,L,
,,,,,,,,,,1,1,,5,0,O,,1,3,S,W,,A,O,,,,,,
,,,,,,,,,,1,1,,5,1,P,,0,0,F,C,N,F,P,T,B,C,S,N,
,,,,,,,,,,1,1,,5,1,P,,1,0,S,W,C,U,P,T,B,C,S,N,
,,,,,,,,,,1,1,,5,1,P,,2,0,F,B,C,U,O,V,B,C,L,N,
,,,,,,,,,,1,1,,5,1,P,,2,1,F,C,C,U,O,S,B,C,M,L,
,,,,,,,,,,1,1,,5,1,P,,2,2,S,W,C,W,O,T,F,L,L,,
,,,,,,,,,,1,1,,5,1,P,,2,3,F,W,L,W,O,T,F,L,M,,
,,,,,,,,,,1,1,,5,2,O,,0,0,S,B,C,F,P,L,B,C,S,L,
,,,,,,,,,,1,1,,5,2,O,,1,0,D,,,,P,,,,,L,
,,,,,,,,,,1,1,,5,2,O,,2,0,F,B,C,U,P,T,F,C,M,L,
,,,,,,,,,,1,1,,5,2,O,,3,0,S,B,C,U,P,T,B,C,M,L,
