"","PlayerID","SeasonID","MatchID","Date","HomeAway","WinLoss","PlayerStyle","PlayerLR","OppStyle","OppLR","PlayerSets","OppSets","GameID","PlayerGames","OppGames","Server","PointID","PlayerPoints","OppPoints","ServeResult","ServeLocation","ReturnLocation","Result","PointWinner","FinalShotType","FinalForeBack","FinalCrossLine","PenumltimateShotType","PenumltimateForeBack","PenumltimateCrossLine","NetPlay","PointLength","ErrorPosition","Comments"
"1","Anastasia Abramyan","-","-",2018-01-26,"Home","Win","-","R","-","R",0,0,"-",0,0,"P","-",0,0,"S","B","C","U","O","T","F","C","-","-","-","-","L","W",""
"2","Anastasia Abramyan","-","-",2018-01-26,"Home","Win","-","R","-","R",0,0,"-",0,0,"P","-",0,1,"D","","","D","O","","","","-","-","-","-","S","",""
"3","Anastasia Abramyan","-","-",2018-01-26,"Home","Win","-","R","-","R",0,0,"-",0,0,"P","-",0,2,"F","C","C","W","O","S","F","C","-","-","-","-","M","",""
"4","Anastasia Abramyan","-","-",2018-01-26,"Home","Win","-","R","-","R",0,0,"-",0,0,"P","-",0,3,"F","C","N","F","P","T","F","C","-","-","-","-","S","N",""
"5","Anastasia Abramyan","-","-",2018-01-26,"Home","Win","-","R","-","R",0,0,"-",0,0,"P","-",1,3,"F","C","L","U","O","T","B","L","-","-","-","-","L","W",""
"6","Anastasia Abramyan","-","-",2018-01-26,"Home","Win","-","R","-","R",0,0,"-",0,1,"O","-",0,0,"F","B","C","U","O","T","F","C","-","-","-","-","M","L",""
"7","Anastasia Abramyan","-","-",2018-01-26,"Home","Win","-","R","-","R",0,0,"-",0,1,"O","-",0,1,"F","W","N","F","O","S","B","C","-","-","-","-","S","N",""
"8","Anastasia Abramyan","-","-",2018-01-26,"Home","Win","-","R","-","R",0,0,"-",0,1,"O","-",0,2,"S","B","C","U","P","S","F","L","-","-","-","-","M","L",""
"9","Anastasia Abramyan","-","-",2018-01-26,"Home","Win","-","R","-","R",0,0,"-",0,1,"O","-",1,2,"S","B","C","U","P","S","B","L","-","-","-","-","S","W",""
"10","Anastasia Abramyan","-","-",2018-01-26,"Home","Win","-","R","-","R",0,0,"-",0,1,"O","-",2,2,"S","B","C","F","O","T","F","C","-","-","-","-","M","W",""
"11","Anastasia Abramyan","-","-",2018-01-26,"Home","Win","-","R","-","R",0,0,"-",0,1,"O","-",2,3,"S","B","C","U","P","T","B","C","-","-","-","-","S","L",""
"12","Anastasia Abramyan","-","-",2018-01-26,"Home","Win","-","R","-","R",0,0,"-",0,1,"O","-",3,3,"F","C","C","U","O","T","B","L","-","-","-","-","L","N",""
"13","Anastasia Abramyan","-","-",2018-01-26,"Home","Win","-","R","-","R",0,0,"-",0,2,"P","-",0,0,"S","C","C","F","P","S","B","L","-","-","-","-","L","N",""
"14","Anastasia Abramyan","-","-",2018-01-26,"Home","Win","-","R","-","R",0,0,"-",0,2,"P","-",1,0,"F","W","C","U","O","T","F","C","-","-","-","-","S","N",""
"15","Anastasia Abramyan","-","-",2018-01-26,"Home","Win","-","R","-","R",0,0,"-",0,2,"P","-",1,1,"S","B","C","F","P","T","B","C","-","-","-","-","M","W",""
"16","Anastasia Abramyan","-","-",2018-01-26,"Home","Win","-","R","-","R",0,0,"-",0,2,"P","-",2,1,"F","B","L","F","P","T","F","C","-","-","-","-","S","N",""
"17","Anastasia Abramyan","-","-",2018-01-26,"Home","Win","-","R","-","R",0,0,"-",0,2,"P","-",3,1,"D","","","D","O","","","","-","-","-","-","S","",""
"18","Anastasia Abramyan","-","-",2018-01-26,"Home","Win","-","R","-","R",0,0,"-",0,2,"P","-",3,2,"F","W","C","U","O","T","B","L","-","-","-","-","M","L",""
"19","Anastasia Abramyan","-","-",2018-01-26,"Home","Win","-","R","-","R",0,0,"-",0,2,"P","-",3,3,"F","B","L","U","P","T","F","C","-","-","-","-","M","L",""
"20","Anastasia Abramyan","-","-",2018-01-26,"Home","Win","-","R","-","R",0,0,"-",1,2,"O","-",0,0,"F","B","C","U","P","T","B","L","-","-","-","-","L","L",""
"21","Anastasia Abramyan","-","-",2018-01-26,"Home","Win","-","R","-","R",0,0,"-",1,2,"O","-",1,0,"F","W","C","U","P","T","F","C","-","-","-","-","S","N",""
"22","Anastasia Abramyan","-","-",2018-01-26,"Home","Win","-","R","-","R",0,0,"-",1,2,"O","-",2,0,"F","W","C","W","O","O","","L","-","-","-","-","M","",""
"23","Anastasia Abramyan","-","-",2018-01-26,"Home","Win","-","R","-","R",0,0,"-",1,2,"O","-",2,1,"F","W","N","U","O","T","B","C","-","-","-","-","S","N",""
"24","Anastasia Abramyan","-","-",2018-01-26,"Home","Win","-","R","-","R",0,0,"-",1,2,"O","-",2,2,"F","C","C","U","P","T","F","C","-","-","-","-","M","N",""
"25","Anastasia Abramyan","-","-",2018-01-26,"Home","Win","-","R","-","R",0,0,"-",1,2,"O","-",3,2,"S","W","C","U","O","T","F","C","-","-","-","-","M","N",""
"26","Anastasia Abramyan","-","-",2018-01-26,"Home","Win","-","R","-","R",0,0,"-",1,2,"O","-",3,3,"F","W","N","F","O","T","B","L","-","-","-","-","S","W",""
"27","Anastasia Abramyan","-","-",2018-01-26,"Home","Win","-","R","-","R",0,0,"-",1,3,"P","-",0,0,"S","B","C","U","P","T","F","C","-","-","-","-","M","L",""
"28","Anastasia Abramyan","-","-",2018-01-26,"Home","Win","-","R","-","R",0,0,"-",1,3,"P","-",1,0,"S","B","C","U","P","T","B","L","-","-","-","-","M","W",""
"29","Anastasia Abramyan","-","-",2018-01-26,"Home","Win","-","R","-","R",0,0,"-",1,3,"P","-",2,0,"S","C","N","F","P","T","B","C","-","-","-","-","S","W",""
"30","Anastasia Abramyan","-","-",2018-01-26,"Home","Win","-","R","-","R",0,0,"-",1,3,"P","-",3,0,"F","C","C","W","P","V","B","C","-","-","-","-","M","",""
"31","Anastasia Abramyan","-","-",2018-01-26,"Home","Win","-","R","-","R",0,0,"-",2,3,"O","-",0,0,"S","B","C","U","O","T","B","L","-","-","-","-","M","W",""
"32","Anastasia Abramyan","-","-",2018-01-26,"Home","Win","-","R","-","R",0,0,"-",2,3,"O","-",0,1,"F","B","C","U","O","T","B","L","-","-","-","-","M","L",""
"33","Anastasia Abramyan","-","-",2018-01-26,"Home","Win","-","R","-","R",0,0,"-",2,3,"O","-",0,2,"S","W","C","U","O","T","F","L","-","-","-","-","M","N",""
"34","Anastasia Abramyan","-","-",2018-01-26,"Home","Win","-","R","-","R",0,0,"-",2,3,"O","-",0,3,"S","B","C","W","P","T","F","C","-","-","-","-","M","",""
"35","Anastasia Abramyan","-","-",2018-01-26,"Home","Win","-","R","-","R",0,0,"-",2,3,"O","-",1,3,"F","W","N","F","O","T","F","C","-","-","-","-","S","W",""
"36","Anastasia Abramyan","-","-",2018-01-26,"Home","Win","-","R","-","R",0,0,"-",2,4,"P","-",0,0,"S","C","C","W","P","T","F","L","-","-","-","-","M","",""
"37","Anastasia Abramyan","-","-",2018-01-26,"Home","Win","-","R","-","R",0,0,"-",2,4,"P","-",1,0,"F","B","C","W","P","T","F","L","-","-","-","-","L","",""
"38","Anastasia Abramyan","-","-",2018-01-26,"Home","Win","-","R","-","R",0,0,"-",2,4,"P","-",2,0,"F","B","L","U","P","T","F","L","-","-","-","-","M","L",""
"39","Anastasia Abramyan","-","-",2018-01-26,"Home","Win","-","R","-","R",0,0,"-",2,4,"P","-",3,0,"F","B","C","F","O","T","F","C","-","-","-","-","M","N",""
"40","Anastasia Abramyan","-","-",2018-01-26,"Home","Win","-","R","-","R",0,0,"-",2,4,"P","-",3,1,"S","C","C","U","P","T","F","L","-","-","-","-","M","L",""
"41","Anastasia Abramyan","-","-",2018-01-26,"Home","Win","-","R","-","R",0,0,"-",3,4,"O","-",0,0,"F","B","C","W","P","T","B","L","-","-","-","-","M","",""
"42","Anastasia Abramyan","-","-",2018-01-26,"Home","Win","-","R","-","R",0,0,"-",3,4,"O","-",1,0,"F","W","N","F","O","T","B","C","-","-","-","-","S","N",""
"43","Anastasia Abramyan","-","-",2018-01-26,"Home","Win","-","R","-","R",0,0,"-",3,4,"O","-",1,1,"F","B","C","U","P","T","F","C","-","-","-","-","L","L",""
"44","Anastasia Abramyan","-","-",2018-01-26,"Home","Win","-","R","-","R",0,0,"-",3,4,"O","-",2,1,"F","W","C","U","P","T","F","C","-","-","-","-","L","L",""
"45","Anastasia Abramyan","-","-",2018-01-26,"Home","Win","-","R","-","R",0,0,"-",3,4,"O","-",3,1,"S","B","C","F","P","T","F","C","-","-","-","-","S","L",""
"46","Anastasia Abramyan","-","-",2018-01-26,"Home","Win","-","R","-","R",0,0,"-",4,4,"P","-",0,0,"S","B","C","U","O","T","F","C","-","-","-","-","S","N",""
"47","Anastasia Abramyan","-","-",2018-01-26,"Home","Win","-","R","-","R",0,0,"-",4,4,"P","-",0,1,"F","B","C","U","P","T","B","C","-","-","-","-","M","N",""
"48","Anastasia Abramyan","-","-",2018-01-26,"Home","Win","-","R","-","R",0,0,"-",4,4,"P","-",1,1,"F","B","C","F","P","T","F","L","-","-","-","-","L","W",""
"49","Anastasia Abramyan","-","-",2018-01-26,"Home","Win","-","R","-","R",0,0,"-",4,4,"P","-",2,1,"S","W","C","U","O","T","B","L","-","-","-","-","M","L",""
"50","Anastasia Abramyan","-","-",2018-01-26,"Home","Win","-","R","-","R",0,0,"-",4,4,"P","-",2,2,"F","W","L","U","O","T","B","C","-","-","-","-","S","L",""
"51","Anastasia Abramyan","-","-",2018-01-26,"Home","Win","-","R","-","R",0,0,"-",4,4,"P","-",2,3,"F","B","C","F","P","S","B","C","-","-","-","-","M","N",""
"52","Anastasia Abramyan","-","-",2018-01-26,"Home","Win","-","R","-","R",0,0,"-",4,4,"P","-",3,3,"S","B","C","F","P","T","F","L","-","-","-","-","M","N",""
"53","Anastasia Abramyan","-","-",2018-01-26,"Home","Win","-","R","-","R",0,0,"-",5,4,"O","-",0,0,"F","W","C","F","P","S","B","C","-","-","-","-","M","W",""
"54","Anastasia Abramyan","-","-",2018-01-26,"Home","Win","-","R","-","R",0,0,"-",5,4,"O","-",1,0,"S","B","N","U","O","T","B","C","-","-","-","-","S","N",""
"55","Anastasia Abramyan","-","-",2018-01-26,"Home","Win","-","R","-","R",0,0,"-",5,4,"O","-",1,1,"D","","","D","P","","","","-","-","-","-","S","",""
"56","Anastasia Abramyan","-","-",2018-01-26,"Home","Win","-","R","-","R",0,0,"-",5,4,"O","-",2,1,"F","W","C","U","P","T","B","L","-","-","-","-","L","N",""
"57","Anastasia Abramyan","-","-",2018-01-26,"Home","Win","-","R","-","R",0,0,"-",5,4,"O","-",3,1,"S","B","C","U","O","T","F","C","-","-","-","-","L","N",""
"58","Anastasia Abramyan","-","-",2018-01-26,"Home","Win","-","R","-","R",0,0,"-",5,4,"O","-",3,2,"S","B","N","U","O","T","B","L","-","-","-","-","S","N",""
"59","Anastasia Abramyan","-","-",2018-01-26,"Home","Win","-","R","-","R",0,0,"-",5,4,"O","-",3,3,"F","B","L","U","P","T","F","C","-","-","-","-","L","L",""
"60","Anastasia Abramyan","-","-",2018-01-26,"Home","Win","-","R","-","R",1,0,"-",0,0,"P","-",0,0,"F","B","C","U","P","T","F","C","-","-","-","-","M","W",""
"61","Anastasia Abramyan","-","-",2018-01-26,"Home","Win","-","R","-","R",1,0,"-",0,0,"P","-",1,0,"F","W","C","U","P","T","F","C","-","-","-","-","M","L",""
"62","Anastasia Abramyan","-","-",2018-01-26,"Home","Win","-","R","-","R",1,0,"-",0,0,"P","-",2,0,"F","C","C","W","P","T","F","C","-","-","-","-","S","",""
"63","Anastasia Abramyan","-","-",2018-01-26,"Home","Win","-","R","-","R",1,0,"-",0,0,"P","-",3,0,"F","C","C","U","P","T","B","L","-","-","-","-","M","L",""
"64","Anastasia Abramyan","-","-",2018-01-26,"Home","Win","-","R","-","R",1,0,"-",1,0,"O","-",0,0,"F","C","N","F","O","T","B","C","-","-","-","-","S","N",""
"65","Anastasia Abramyan","-","-",2018-01-26,"Home","Win","-","R","-","R",1,0,"-",1,0,"O","-",0,1,"S","W","C","U","P","T","B","C","-","-","-","-","M","L",""
"66","Anastasia Abramyan","-","-",2018-01-26,"Home","Win","-","R","-","R",1,0,"-",1,0,"O","-",1,1,"F","W","N","F","O","T","F","C","-","-","-","-","S","N",""
"67","Anastasia Abramyan","-","-",2018-01-26,"Home","Win","-","R","-","R",1,0,"-",1,0,"O","-",1,2,"S","B","C","U","P","T","F","L","-","-","-","-","L","W",""
"68","Anastasia Abramyan","-","-",2018-01-26,"Home","Win","-","R","-","R",1,0,"-",1,0,"O","-",2,2,"S","B","C","F","O","T","F","C","-","-","-","-","M","W",""
"69","Anastasia Abramyan","-","-",2018-01-26,"Home","Win","-","R","-","R",1,0,"-",1,0,"O","-",2,3,"S","B","C","F","P","T","B","C","-","-","-","-","M","N",""
"70","Anastasia Abramyan","-","-",2018-01-26,"Home","Win","-","R","-","R",1,0,"-",1,0,"O","-",3,3,"F","W","N","F","O","T","B","L","-","-","-","-","S","W",""
"71","Anastasia Abramyan","-","-",2018-01-26,"Home","Win","-","R","-","R",1,0,"-",1,1,"P","-",0,0,"D","","","D","O","","","","-","-","-","-","S","",""
"72","Anastasia Abramyan","-","-",2018-01-26,"Home","Win","-","R","-","R",1,0,"-",1,1,"P","-",0,1,"F","B","L","W","P","T","F","L","-","-","-","-","L","",""
"73","Anastasia Abramyan","-","-",2018-01-26,"Home","Win","-","R","-","R",1,0,"-",1,1,"P","-",1,1,"F","C","C","U","O","T","F","C","-","-","-","-","M","L",""
"74","Anastasia Abramyan","-","-",2018-01-26,"Home","Win","-","R","-","R",1,0,"-",1,1,"P","-",1,2,"S","C","C","U","P","T","B","L","-","-","-","-","M","W",""
"75","Anastasia Abramyan","-","-",2018-01-26,"Home","Win","-","R","-","R",1,0,"-",1,1,"P","-",2,2,"S","B","C","U","O","T","F","C","-","-","-","-","L","L",""
"76","Anastasia Abramyan","-","-",2018-01-26,"Home","Win","-","R","-","R",1,0,"-",1,1,"P","-",2,3,"F","B","C","U","O","T","F","C","-","-","-","-","M","L",""
"77","Anastasia Abramyan","-","-",2018-01-26,"Home","Win","-","R","-","R",1,0,"-",1,2,"O","-",0,0,"F","B","C","U","O","T","F","L","-","-","-","-","M","N",""
"78","Anastasia Abramyan","-","-",2018-01-26,"Home","Win","-","R","-","R",1,0,"-",1,2,"O","-",0,1,"F","W","C","U","P","S","F","L","-","-","-","-","L","W",""
"79","Anastasia Abramyan","-","-",2018-01-26,"Home","Win","-","R","-","R",1,0,"-",1,2,"O","-",1,1,"D","","","D","P","","","","-","-","-","-","S","",""
"80","Anastasia Abramyan","-","-",2018-01-26,"Home","Win","-","R","-","R",1,0,"-",1,2,"O","-",2,1,"F","W","C","U","P","T","F","C","-","-","-","-","M","W",""
"81","Anastasia Abramyan","-","-",2018-01-26,"Home","Win","-","R","-","R",1,0,"-",1,2,"O","-",3,1,"S","B","C","U","P","T","F","C","-","-","-","-","S","L",""
"82","Anastasia Abramyan","-","-",2018-01-26,"Home","Win","-","R","-","R",1,0,"-",2,2,"P","-",0,0,"F","C","C","W","O","T","B","C","-","-","-","-","L","",""
"83","Anastasia Abramyan","-","-",2018-01-26,"Home","Win","-","R","-","R",1,0,"-",2,2,"P","-",0,1,"F","B","C","F","O","T","B","L","-","-","-","-","L","N",""
"84","Anastasia Abramyan","-","-",2018-01-26,"Home","Win","-","R","-","R",1,0,"-",2,2,"P","-",0,2,"F","W","C","W","P","T","B","L","-","-","-","-","S","",""
"85","Anastasia Abramyan","-","-",2018-01-26,"Home","Win","-","R","-","R",1,0,"-",2,2,"P","-",1,2,"F","W","C","U","P","T","B","L","-","-","-","-","M","W",""
"86","Anastasia Abramyan","-","-",2018-01-26,"Home","Win","-","R","-","R",1,0,"-",2,2,"P","-",2,2,"S","C","C","U","O","T","F","C","-","-","-","-","M","N",""
"87","Anastasia Abramyan","-","-",2018-01-26,"Home","Win","-","R","-","R",1,0,"-",2,2,"P","-",2,3,"F","B","L","F","O","T","F","L","-","-","-","-","M","L",""
"88","Anastasia Abramyan","-","-",2018-01-26,"Home","Win","-","R","-","R",1,0,"-",2,3,"O","-",0,0,"S","B","N","F","O","T","B","C","-","-","-","-","S","W",""
"89","Anastasia Abramyan","-","-",2018-01-26,"Home","Win","-","R","-","R",1,0,"-",2,3,"O","-",0,1,"F","W","","A","O","","","","-","-","-","-","S","",""
"90","Anastasia Abramyan","-","-",2018-01-26,"Home","Win","-","R","-","R",1,0,"-",2,3,"O","-",0,2,"S","B","C","W","O","S","F","L","-","-","-","-","L","",""
"91","Anastasia Abramyan","-","-",2018-01-26,"Home","Win","-","R","-","R",1,0,"-",2,3,"O","-",0,3,"S","W","C","F","P","T","B","L","-","-","-","-","M","N",""
"92","Anastasia Abramyan","-","-",2018-01-26,"Home","Win","-","R","-","R",1,0,"-",2,3,"O","-",1,3,"F","W","C","U","P","V","B","C","-","-","-","-","M","W",""
"93","Anastasia Abramyan","-","-",2018-01-26,"Home","Win","-","R","-","R",1,0,"-",2,3,"O","-",2,3,"S","W","C","F","P","V","F","C","-","-","-","-","L","N",""
"94","Anastasia Abramyan","-","-",2018-01-26,"Home","Win","-","R","-","R",1,0,"-",2,3,"O","-",3,3,"F","W","C","W","O","T","F","C","-","-","-","-","M","",""
"95","Anastasia Abramyan","-","-",2018-01-26,"Home","Win","-","R","-","R",1,0,"-",2,4,"P","-",0,0,"F","C","N","F","P","T","B","C","-","-","-","-","S","W",""
"96","Anastasia Abramyan","-","-",2018-01-26,"Home","Win","-","R","-","R",1,0,"-",2,4,"P","-",1,0,"S","W","C","U","P","T","B","C","-","-","-","-","M","L",""
"97","Anastasia Abramyan","-","-",2018-01-26,"Home","Win","-","R","-","R",1,0,"-",2,4,"P","-",2,0,"F","W","C","F","O","T","B","L","-","-","-","-","M","N",""
"98","Anastasia Abramyan","-","-",2018-01-26,"Home","Win","-","R","-","R",1,0,"-",2,4,"P","-",2,1,"D","","","D","O","","","","-","-","-","-","S","",""
"99","Anastasia Abramyan","-","-",2018-01-26,"Home","Win","-","R","-","R",1,0,"-",2,4,"P","-",2,2,"F","B","C","U","O","T","F","L","-","-","-","-","M","N",""
"100","Anastasia Abramyan","-","-",2018-01-26,"Home","Win","-","R","-","R",1,0,"-",2,4,"P","-",2,3,"D","","","D","O","","","","-","-","-","-","S","",""
"101","Anastasia Abramyan","-","-",2018-01-26,"Home","Win","-","R","-","R",1,0,"-",2,5,"O","-",0,0,"F","C","L","F","P","T","B","C","-","-","-","-","S","W",""
"102","Anastasia Abramyan","-","-",2018-01-26,"Home","Win","-","R","-","R",1,0,"-",2,5,"O","-",1,0,"S","W","N","F","O","T","B","C","-","-","-","-","S","L",""
"103","Anastasia Abramyan","-","-",2018-01-26,"Home","Win","-","R","-","R",1,0,"-",2,5,"O","-",1,1,"S","B","C","U","O","T","F","L","-","-","-","-","M","N",""
"104","Anastasia Abramyan","-","-",2018-01-26,"Home","Win","-","R","-","R",1,0,"-",2,5,"O","-",1,2,"S","B","C","F","P","T","F","L","-","-","-","-","M","L",""
"105","Anastasia Abramyan","-","-",2018-01-26,"Home","Win","-","R","-","R",1,0,"-",2,5,"O","-",2,2,"F","W","C","W","O","S","F","L","-","-","-","-","S","",""
"106","Anastasia Abramyan","-","-",2018-01-26,"Home","Win","-","R","-","R",1,0,"-",2,5,"O","-",2,3,"S","W","L","F","O","T","B","C","-","-","-","-","M","L",""
"107","Anastasia Abramyan","-","-",2018-01-26,"Home","Win","-","R","-","R",1,1,"-",0,0,"P","-",0,0,"F","C","C","F","P","T","F","C","-","-","-","-","L","N",""
"108","Anastasia Abramyan","-","-",2018-01-26,"Home","Win","-","R","-","R",1,1,"-",0,0,"O","-",1,0,"S","W","C","U","P","T","B","C","-","-","-","-","L","N",""
"109","Anastasia Abramyan","-","-",2018-01-26,"Home","Win","-","R","-","R",1,1,"-",0,0,"O","-",2,0,"F","B","C","U","O","T","B","C","-","-","-","-","L","L",""
"110","Anastasia Abramyan","-","-",2018-01-26,"Home","Win","-","R","-","R",1,1,"-",0,0,"P","-",2,1,"F","B","N","F","P","T","B","L","-","-","-","-","S","N",""
"111","Anastasia Abramyan","-","-",2018-01-26,"Home","Win","-","R","-","R",1,1,"-",0,0,"P","-",3,1,"F","B","L","W","O","T","B","L","-","-","-","-","L","",""
"112","Anastasia Abramyan","-","-",2018-01-26,"Home","Win","-","R","-","R",1,1,"-",0,0,"O","-",3,2,"S","B","C","U","O","T","F","L","-","-","-","-","M","N",""
"113","Anastasia Abramyan","-","-",2018-01-26,"Home","Win","-","R","-","R",1,1,"-",0,0,"O","-",3,3,"F","W","C","F","O","S","F","C","-","-","-","-","M","L",""
"114","Anastasia Abramyan","-","-",2018-01-26,"Home","Win","-","R","-","R",1,1,"-",0,0,"O","-",3,4,"F","B","C","W","P","S","B","L","-","-","-","-","L","",""
"115","Anastasia Abramyan","-","-",2018-01-26,"Home","Win","-","R","-","R",1,1,"-",0,0,"P","-",4,4,"S","B","C","F","P","S","F","C","-","-","-","-","L","L",""
"116","Anastasia Abramyan","-","-",2018-01-26,"Home","Win","-","R","-","R",1,1,"-",0,0,"O","-",5,4,"S","W","C","F","P","T","B","L","-","-","-","-","L","W",""
"117","Anastasia Abramyan","-","-",2018-01-26,"Home","Win","-","R","-","R",1,1,"-",0,0,"O","-",6,4,"S","B","C","U","O","T","F","L","-","-","-","-","M","N",""
"118","Anastasia Abramyan","-","-",2018-01-26,"Home","Win","-","R","-","R",1,1,"-",0,0,"P","-",6,5,"F","B","C","U","P","T","F","C","-","-","-","-","M","N",""
"119","Anastasia Abramyan","-","-",2018-01-26,"Home","Win","-","R","-","R",1,1,"-",0,0,"P","-",7,5,"S","B","C","U","O","O","","C","-","-","-","-","M","N",""
"120","Anastasia Abramyan","-","-",2018-01-26,"Home","Win","-","R","-","R",1,1,"-",0,0,"O","-",7,6,"F","C","L","U","P","T","F","C","-","-","-","-","M","N",""
"121","Anastasia Abramyan","-","-",2018-01-26,"Home","Win","-","R","-","R",1,1,"-",0,0,"O","-",8,6,"S","B","C","U","P","T","F","C","-","-","-","-","L","N",""
"122","Anastasia Abramyan","-","-",2018-01-26,"Home","Win","-","R","-","R",1,1,"-",0,0,"P","-",9,6,"F","B","N","F","P","T","B","L","-","-","-","-","S","N",""
"123","Anastasia Abramyan","-","-",2018-02-16,"Home","Loss","-","R","-","R",0,0,"-",0,0,"P","-",0,0,"F","B","C","F","O","T","B","C","-","-","-","-","L","N",""
"124","Anastasia Abramyan","-","-",2018-02-16,"Home","Loss","-","R","-","R",0,0,"-",0,0,"P","-",0,1,"F","B","N","F","P","T","B","L","-","-","-","-","S","N",""
"125","Anastasia Abramyan","-","-",2018-02-16,"Home","Loss","-","R","-","R",0,0,"-",0,0,"P","-",1,1,"S","B","C","W","O","T","F","L","-","-","-","-","M","",""
"126","Anastasia Abramyan","-","-",2018-02-16,"Home","Loss","-","R","-","R",0,0,"-",0,0,"P","-",1,2,"S","W","C","U","P","T","B","C","-","-","-","-","M","N",""
"127","Anastasia Abramyan","-","-",2018-02-16,"Home","Loss","-","R","-","R",0,0,"-",0,0,"P","-",2,2,"F","C","N","F","P","T","B","C","-","-","-","-","S","W",""
"128","Anastasia Abramyan","-","-",2018-02-16,"Home","Loss","-","R","-","R",0,0,"-",0,0,"P","-",3,2,"F","W","C","U","O","T","B","C","-","-","-","-","S","W",""
"129","Anastasia Abramyan","-","-",2018-02-16,"Home","Loss","-","R","-","R",0,0,"-",0,0,"P","-",3,3,"F","B","L","F","O","T","F","L","-","-","-","-","M","N",""
"130","Anastasia Abramyan","-","-",2018-02-16,"Home","Loss","-","R","-","R",0,0,"-",0,1,"O","-",0,0,"S","W","C","U","P","T","F","L","-","-","-","-","M","N",""
"131","Anastasia Abramyan","-","-",2018-02-16,"Home","Loss","-","R","-","R",0,0,"-",0,1,"O","-",1,0,"F","W","L","F","O","T","F","C","-","-","-","-","M","L",""
"132","Anastasia Abramyan","-","-",2018-02-16,"Home","Loss","-","R","-","R",0,0,"-",0,1,"O","-",1,1,"F","B","C","U","O","T","F","C","-","-","-","-","M","L",""
"133","Anastasia Abramyan","-","-",2018-02-16,"Home","Loss","-","R","-","R",0,0,"-",0,1,"O","-",1,2,"F","W","L","U","P","T","F","C","-","-","-","-","M","L",""
"134","Anastasia Abramyan","-","-",2018-02-16,"Home","Loss","-","R","-","R",0,0,"-",0,1,"O","-",2,2,"F","W","C","F","O","T","F","L","-","-","-","-","M","N",""
"135","Anastasia Abramyan","-","-",2018-02-16,"Home","Loss","-","R","-","R",0,0,"-",0,1,"O","-",2,3,"F","B","C","U","O","T","B","L","-","-","-","-","L","L",""
"136","Anastasia Abramyan","-","-",2018-02-16,"Home","Loss","-","R","-","R",0,0,"-",0,2,"P","-",0,0,"S","B","C","F","O","S","F","C","-","-","-","-","S","W",""
"137","Anastasia Abramyan","-","-",2018-02-16,"Home","Loss","-","R","-","R",0,0,"-",0,2,"P","-",0,1,"F","W","N","F","P","T","B","L","-","-","-","-","S","W",""
"138","Anastasia Abramyan","-","-",2018-02-16,"Home","Loss","-","R","-","R",0,0,"-",0,2,"P","-",1,1,"D","","","D","O","","","","-","-","-","-","","",""
"139","Anastasia Abramyan","-","-",2018-02-16,"Home","Loss","-","R","-","R",0,0,"-",0,2,"P","-",1,2,"S","W","N","U","P","T","B","C","-","-","-","-","S","N",""
"140","Anastasia Abramyan","-","-",2018-02-16,"Home","Loss","-","R","-","R",0,0,"-",0,2,"P","-",2,2,"F","B","C","U","P","T","F","L","-","-","-","-","S","N",""
"141","Anastasia Abramyan","-","-",2018-02-16,"Home","Loss","-","R","-","R",0,0,"-",0,2,"P","-",3,2,"F","W","N","F","P","T","B","L","-","-","-","-","S","L",""
"142","Anastasia Abramyan","-","-",2018-02-16,"Home","Loss","-","R","-","R",0,0,"-",1,2,"O","-",0,0,"F","W","C","F","P","T","F","C","-","-","-","-","M","L",""
"143","Anastasia Abramyan","-","-",2018-02-16,"Home","Loss","-","R","-","R",0,0,"-",1,2,"O","-",1,0,"S","W","C","U","P","T","B","C","-","-","-","-","M","L",""
"144","Anastasia Abramyan","-","-",2018-02-16,"Home","Loss","-","R","-","R",0,0,"-",1,2,"O","-",2,0,"S","W","N","U","O","T","F","C","-","-","-","-","S","W",""
"145","Anastasia Abramyan","-","-",2018-02-16,"Home","Loss","-","R","-","R",0,0,"-",1,2,"O","-",2,1,"S","W","C","U","O","T","F","C","-","-","-","-","M","L",""
"146","Anastasia Abramyan","-","-",2018-02-16,"Home","Loss","-","R","-","R",0,0,"-",1,2,"O","-",2,2,"F","B","C","U","O","T","F","C","-","-","-","-","L","N",""
"147","Anastasia Abramyan","-","-",2018-02-16,"Home","Loss","-","R","-","R",0,0,"-",1,2,"O","-",2,3,"F","W","C","F","P","T","B","L","-","-","-","-","L","W",""
"148","Anastasia Abramyan","-","-",2018-02-16,"Home","Loss","-","R","-","R",0,0,"-",1,2,"O","-",3,3,"F","W","N","F","O","T","B","C","-","-","-","-","S","L",""
"149","Anastasia Abramyan","-","-",2018-02-16,"Home","Loss","-","R","-","R",0,0,"-",1,3,"P","-",0,0,"F","C","C","F","P","S","F","C","-","-","-","-","M","W",""
"150","Anastasia Abramyan","-","-",2018-02-16,"Home","Loss","-","R","-","R",0,0,"-",1,3,"P","-",1,0,"F","W","C","U","P","T","F","C","-","-","-","-","M","N",""
"151","Anastasia Abramyan","-","-",2018-02-16,"Home","Loss","-","R","-","R",0,0,"-",1,3,"P","-",2,0,"F","B","C","U","O","T","B","C","-","-","-","-","M","L",""
"152","Anastasia Abramyan","-","-",2018-02-16,"Home","Loss","-","R","-","R",0,0,"-",1,3,"P","-",2,1,"F","C","C","U","P","T","F","C","-","-","-","-","M","L",""
"153","Anastasia Abramyan","-","-",2018-02-16,"Home","Loss","-","R","-","R",0,0,"-",1,3,"P","-",3,1,"F","B","L","W","O","T","F","L","-","-","-","-","S","",""
"154","Anastasia Abramyan","-","-",2018-02-16,"Home","Loss","-","R","-","R",0,0,"-",1,3,"P","-",3,2,"D","","","D","O","","","","-","-","-","-","","",""
"155","Anastasia Abramyan","-","-",2018-02-16,"Home","Loss","-","R","-","R",0,0,"-",1,3,"P","-",3,3,"F","W","C","F","P","T","B","C","-","-","-","-","S","W",""
"156","Anastasia Abramyan","-","-",2018-02-16,"Home","Loss","-","R","-","R",0,0,"-",2,3,"O","-",0,0,"D","","","D","P","","","","-","-","-","-","","",""
"157","Anastasia Abramyan","-","-",2018-02-16,"Home","Loss","-","R","-","R",0,0,"-",2,3,"O","-",1,0,"F","B","C","U","O","T","B","L","-","-","-","-","S","N",""
"158","Anastasia Abramyan","-","-",2018-02-16,"Home","Loss","-","R","-","R",0,0,"-",2,3,"O","-",1,1,"F","W","C","U","P","T","B","C","-","-","-","-","M","L",""
"159","Anastasia Abramyan","-","-",2018-02-16,"Home","Loss","-","R","-","R",0,0,"-",2,3,"O","-",2,1,"S","W","L","F","O","T","F","C","-","-","-","-","M","N",""
"160","Anastasia Abramyan","-","-",2018-02-16,"Home","Loss","-","R","-","R",0,0,"-",2,3,"O","-",2,2,"F","B","C","U","P","T","F","L","-","-","-","-","L","L",""
"161","Anastasia Abramyan","-","-",2018-02-16,"Home","Loss","-","R","-","R",0,0,"-",2,3,"O","-",3,2,"F","W","C","U","O","T","B","C","-","-","-","-","L","W",""
"162","Anastasia Abramyan","-","-",2018-02-16,"Home","Loss","-","R","-","R",0,0,"-",2,3,"O","-",3,3,"F","W","C","U","P","T","F","C","-","-","-","-","L","L",""
"163","Anastasia Abramyan","-","-",2018-02-16,"Home","Loss","-","R","-","R",0,0,"-",3,3,"P","-",0,0,"F","B","C","U","P","T","B","C","-","-","-","-","M","L",""
"164","Anastasia Abramyan","-","-",2018-02-16,"Home","Loss","-","R","-","R",0,0,"-",3,3,"P","-",1,0,"F","W","C","W","O","T","F","C","-","-","-","-","M","","OVERRULED"
"165","Anastasia Abramyan","-","-",2018-02-16,"Home","Loss","-","R","-","R",0,0,"-",3,3,"P","-",1,1,"F","C","N","F","P","T","B","C","-","-","-","-","S","L",""
"166","Anastasia Abramyan","-","-",2018-02-16,"Home","Loss","-","R","-","R",0,0,"-",3,3,"P","-",2,1,"","B","C","U","P","T","F","C","-","-","-","-","M","L",""
"167","Anastasia Abramyan","-","-",2018-02-16,"Home","Loss","-","R","-","R",0,0,"-",3,3,"P","-",3,1,"S","C","C","W","O","T","F","C","-","-","-","-","L","",""
"168","Anastasia Abramyan","-","-",2018-02-16,"Home","Loss","-","R","-","R",0,0,"-",3,3,"P","-",3,2,"S","B","C","F","O","T","B","L","-","-","-","-","L","N",""
"169","Anastasia Abramyan","-","-",2018-02-16,"Home","Loss","-","R","-","R",0,0,"-",3,3,"P","-",3,3,"S","W","L","U","O","T","F","C","-","-","-","-","M","L",""
"170","Anastasia Abramyan","-","-",2018-02-16,"Home","Loss","-","R","-","R",0,0,"-",3,4,"O","-",0,0,"D","","","D","P","","","","-","-","-","-","","",""
"171","Anastasia Abramyan","-","-",2018-02-16,"Home","Loss","-","R","-","R",0,0,"-",3,4,"O","-",1,0,"F","W","C","W","O","T","B","L","-","-","-","-","S","",""
"172","Anastasia Abramyan","-","-",2018-02-16,"Home","Loss","-","R","-","R",0,0,"-",3,4,"O","-",1,1,"F","W","C","F","O","S","B","C","-","-","-","-","M","N",""
"173","Anastasia Abramyan","-","-",2018-02-16,"Home","Loss","-","R","-","R",0,0,"-",3,4,"O","-",1,2,"F","W","C","F","O","T","F","C","-","-","-","-","S","W",""
"174","Anastasia Abramyan","-","-",2018-02-16,"Home","Loss","-","R","-","R",0,0,"-",3,4,"O","-",1,3,"D","","","D","P","","","","-","-","-","-","","",""
"175","Anastasia Abramyan","-","-",2018-02-16,"Home","Loss","-","R","-","R",0,0,"-",3,4,"O","-",2,3,"F","W","N","F","O","T","B","C","-","-","-","-","S","L",""
"176","Anastasia Abramyan","-","-",2018-02-16,"Home","Loss","-","R","-","R",0,0,"-",3,5,"P","-",0,0,"F","C","C","U","O","T","F","L","-","-","-","-","M","W",""
"177","Anastasia Abramyan","-","-",2018-02-16,"Home","Loss","-","R","-","R",0,0,"-",3,5,"P","-",0,1,"F","W","C","W","P","T","B","C","-","-","-","-","L","",""
"178","Anastasia Abramyan","-","-",2018-02-16,"Home","Loss","-","R","-","R",0,0,"-",3,5,"P","-",1,1,"F","B","C","W","P","T","F","C","-","-","-","-","S","",""
"179","Anastasia Abramyan","-","-",2018-02-16,"Home","Loss","-","R","-","R",0,0,"-",3,5,"P","-",2,1,"F","W","L","W","O","T","B","C","-","-","-","-","L","",""
"180","Anastasia Abramyan","-","-",2018-02-16,"Home","Loss","-","R","-","R",0,0,"-",3,5,"P","-",2,2,"F","W","L","U","P","T","F","C","-","-","-","-","S","W",""
"181","Anastasia Abramyan","-","-",2018-02-16,"Home","Loss","-","R","-","R",0,0,"-",3,5,"P","-",3,2,"F","B","N","F","P","T","B","C","-","-","-","-","S","N",""
"182","Anastasia Abramyan","-","-",2018-02-16,"Home","Loss","-","R","-","R",0,0,"-",4,5,"O","-",0,0,"F","W","C","W","O","V","B","L","-","-","-","-","L","",""
"183","Anastasia Abramyan","-","-",2018-02-16,"Home","Loss","-","R","-","R",0,0,"-",4,5,"O","-",0,1,"F","B","C","U","O","T","B","L","-","-","-","-","M","L",""
"184","Anastasia Abramyan","-","-",2018-02-16,"Home","Loss","-","R","-","R",0,0,"-",4,5,"O","-",0,2,"F","W","N","F","O","T","F","C","-","-","-","-","S","L",""
"185","Anastasia Abramyan","-","-",2018-02-16,"Home","Loss","-","R","-","R",0,0,"-",4,5,"O","-",0,3,"F","B","C","U","P","T","B","C","-","-","-","-","M","L",""
"186","Anastasia Abramyan","-","-",2018-02-16,"Home","Loss","-","R","-","R",0,0,"-",4,5,"O","-",1,3,"F","W","C","U","P","T","F","C","-","-","-","-","L","L",""
"187","Anastasia Abramyan","-","-",2018-02-16,"Home","Loss","-","R","-","R",0,0,"-",4,5,"O","-",2,3,"F","W","C","U","P","T","F","C","-","-","-","-","M","W",""
"188","Anastasia Abramyan","-","-",2018-02-16,"Home","Loss","-","R","-","R",0,0,"-",4,5,"O","-",3,3,"F","W","C","W","O","T","B","C","-","-","-","-","L","",""
"189","Anastasia Abramyan","-","-",2018-02-16,"Home","Loss","-","R","-","R",0,1,"-",0,0,"P","-",0,0,"F","W","N","F","P","T","F","C","-","-","-","-","S","N",""
"190","Anastasia Abramyan","-","-",2018-02-16,"Home","Loss","-","R","-","R",0,1,"-",0,0,"P","-",1,0,"F","W","L","F","O","T","F","C","-","-","-","-","L","N",""
"191","Anastasia Abramyan","-","-",2018-02-16,"Home","Loss","-","R","-","R",0,1,"-",0,0,"P","-",1,1,"S","B","C","W","P","T","F","L","-","-","-","-","S","",""
"192","Anastasia Abramyan","-","-",2018-02-16,"Home","Loss","-","R","-","R",0,1,"-",0,0,"P","-",2,1,"F","B","N","F","P","T","B","C","-","-","-","-","S","N",""
"193","Anastasia Abramyan","-","-",2018-02-16,"Home","Loss","-","R","-","R",0,1,"-",0,0,"P","-",3,1,"F","C","C","U","O","T","F","C","-","-","-","-","S","L",""
"194","Anastasia Abramyan","-","-",2018-02-16,"Home","Loss","-","R","-","R",0,1,"-",0,0,"P","-",3,2,"F","W","N","F","P","T","B","L","-","-","-","-","S","W",""
"195","Anastasia Abramyan","-","-",2018-02-16,"Home","Loss","-","R","-","R",0,1,"-",1,0,"O","-",0,0,"F","W","C","U","P","T","F","C","-","-","-","-","M","L",""
"196","Anastasia Abramyan","-","-",2018-02-16,"Home","Loss","-","R","-","R",0,1,"-",1,0,"O","-",1,0,"F","B","C","F","P","T","F","L","-","-","-","-","M","W",""
"197","Anastasia Abramyan","-","-",2018-02-16,"Home","Loss","-","R","-","R",0,1,"-",1,0,"O","-",2,0,"F","W","C","F","P","T","B","L","-","-","-","-","M","L",""
"198","Anastasia Abramyan","-","-",2018-02-16,"Home","Loss","-","R","-","R",0,1,"-",1,0,"O","-",3,0,"F","B","C","F","O","S","B","C","-","-","-","-","M","N",""
"199","Anastasia Abramyan","-","-",2018-02-16,"Home","Loss","-","R","-","R",0,1,"-",1,0,"O","-",3,1,"S","W","C","U","O","T","F","L","-","-","-","-","M","N",""
"200","Anastasia Abramyan","-","-",2018-02-16,"Home","Loss","-","R","-","R",0,1,"-",1,0,"O","-",3,2,"F","C","C","W","O","T","F","C","-","-","-","-","L","",""
"201","Anastasia Abramyan","-","-",2018-02-16,"Home","Loss","-","R","-","R",0,1,"-",1,0,"O","-",3,3,"S","W","C","W","O","T","F","C","-","-","-","-","L","",""
"202","Anastasia Abramyan","-","-",2018-02-16,"Home","Loss","-","R","-","R",0,1,"-",1,1,"P","-",0,0,"F","C","C","U","O","T","F","C","-","-","-","-","M","L",""
"203","Anastasia Abramyan","-","-",2018-02-16,"Home","Loss","-","R","-","R",0,1,"-",1,1,"P","-",0,1,"S","W","L","F","O","T","F","C","-","-","-","-","S","N",""
"204","Anastasia Abramyan","-","-",2018-02-16,"Home","Loss","-","R","-","R",0,1,"-",1,1,"P","-",0,2,"S","B","C","U","O","T","F","L","-","-","-","-","M","W",""
"205","Anastasia Abramyan","-","-",2018-02-16,"Home","Loss","-","R","-","R",0,1,"-",1,1,"P","-",0,3,"S","W","L","U","P","T","F","C","-","-","-","-","M","N",""
"206","Anastasia Abramyan","-","-",2018-02-16,"Home","Loss","-","R","-","R",0,1,"-",1,1,"P","-",1,3,"F","C","","A","P","","","","-","-","-","-","S","",""
"207","Anastasia Abramyan","-","-",2018-02-16,"Home","Loss","-","R","-","R",0,1,"-",1,1,"P","-",2,3,"F","W","N","F","P","T","B","L","-","-","-","-","S","L",""
"208","Anastasia Abramyan","-","-",2018-02-16,"Home","Loss","-","R","-","R",0,1,"-",1,1,"P","-",3,3,"F","W","L","U","O","T","F","L","-","-","-","-","M","N",""
"209","Anastasia Abramyan","-","-",2018-02-16,"Home","Loss","-","R","-","R",0,1,"-",1,2,"O","-",0,0,"F","W","C","U","P","O","","L","-","-","-","-","M","L",""
"210","Anastasia Abramyan","-","-",2018-02-16,"Home","Loss","-","R","-","R",0,1,"-",1,2,"O","-",1,0,"F","B","L","U","P","T","F","C","-","-","-","-","M","L",""
"211","Anastasia Abramyan","-","-",2018-02-16,"Home","Loss","-","R","-","R",0,1,"-",1,2,"O","-",2,0,"F","W","C","U","O","T","B","L","-","-","-","-","M","L",""
"212","Anastasia Abramyan","-","-",2018-02-16,"Home","Loss","-","R","-","R",0,1,"-",1,2,"O","-",2,1,"F","B","C","U","P","T","B","L","-","-","-","-","L","N",""
"213","Anastasia Abramyan","-","-",2018-02-16,"Home","Loss","-","R","-","R",0,1,"-",1,2,"O","-",3,1,"F","W","C","F","O","T","F","C","-","-","-","-","M","L",""
"214","Anastasia Abramyan","-","-",2018-02-16,"Home","Loss","-","R","-","R",0,1,"-",1,2,"O","-",3,2,"F","W","C","U","P","T","B","L","-","-","-","-","M","L",""
"215","Anastasia Abramyan","-","-",2018-02-16,"Home","Loss","-","R","-","R",0,1,"-",2,2,"P","-",0,0,"F","C","C","U","O","T","F","C","-","-","-","-","L","L",""
"216","Anastasia Abramyan","-","-",2018-02-16,"Home","Loss","-","R","-","R",0,1,"-",2,2,"P","-",0,1,"F","W","L","W","O","T","F","L","-","-","-","-","M","",""
"217","Anastasia Abramyan","-","-",2018-02-16,"Home","Loss","-","R","-","R",0,1,"-",2,2,"P","-",0,2,"F","C","N","F","P","T","B","C","-","-","-","-","S","W",""
"218","Anastasia Abramyan","-","-",2018-02-16,"Home","Loss","-","R","-","R",0,1,"-",2,2,"P","-",1,2,"S","W","C","W","P","T","B","C","-","-","-","-","L","",""
"219","Anastasia Abramyan","-","-",2018-02-16,"Home","Loss","-","R","-","R",0,1,"-",2,2,"P","-",2,2,"S","W","C","U","P","T","B","L","-","-","-","-","M","W",""
"220","Anastasia Abramyan","-","-",2018-02-16,"Home","Loss","-","R","-","R",0,1,"-",2,2,"P","-",3,2,"S","B","L","F","O","S","F","L","-","-","-","-","M","L",""
"221","Anastasia Abramyan","-","-",2018-02-16,"Home","Loss","-","R","-","R",0,1,"-",2,2,"P","-",3,3,"F","B","C","U","O","T","F","C","-","-","-","-","M","N",""
"222","Anastasia Abramyan","-","-",2018-02-16,"Home","Loss","-","R","-","R",0,1,"-",2,3,"O","-",0,0,"F","W","C","F","P","T","B","L","-","-","-","-","M","N",""
"223","Anastasia Abramyan","-","-",2018-02-16,"Home","Loss","-","R","-","R",0,1,"-",2,3,"O","-",1,0,"F","W","C","W","O","T","F","C","-","-","-","-","M","",""
"224","Anastasia Abramyan","-","-",2018-02-16,"Home","Loss","-","R","-","R",0,1,"-",2,3,"O","-",1,1,"S","W","C","U","O","T","B","C","-","-","-","-","M","",""
"225","Anastasia Abramyan","-","-",2018-02-16,"Home","Loss","-","R","-","R",0,1,"-",2,3,"O","-",1,2,"F","W","C","F","P","V","F","L","-","-","-","-","M","N",""
"226","Anastasia Abramyan","-","-",2018-02-16,"Home","Loss","-","R","-","R",0,1,"-",2,3,"O","-",2,2,"S","B","C","U","P","T","F","L","-","-","-","-","M","N",""
"227","Anastasia Abramyan","-","-",2018-02-16,"Home","Loss","-","R","-","R",0,1,"-",2,3,"O","-",3,2,"F","B","N","F","P","T","F","C","-","-","-","-","S","N",""
"228","Anastasia Abramyan","-","-",2018-02-16,"Home","Loss","-","R","-","R",0,1,"-",3,3,"P","-",0,0,"F","B","C","U","O","T","F","C","-","-","-","-","M","W",""
"229","Anastasia Abramyan","-","-",2018-02-16,"Home","Loss","-","R","-","R",0,1,"-",3,3,"P","-",0,1,"F","W","C","W","P","V","F","C","-","-","-","-","S","",""
"230","Anastasia Abramyan","-","-",2018-02-16,"Home","Loss","-","R","-","R",0,1,"-",3,3,"P","-",1,1,"S","B","C","W","O","T","B","C","-","-","-","-","S","",""
"231","Anastasia Abramyan","-","-",2018-02-16,"Home","Loss","-","R","-","R",0,1,"-",3,3,"P","-",1,2,"F","W","N","F","P","T","B","L","-","-","-","-","S","L",""
"232","Anastasia Abramyan","-","-",2018-02-16,"Home","Loss","-","R","-","R",0,1,"-",3,3,"P","-",2,2,"S","B","N","U","P","T","B","C","-","-","-","-","S","N",""
"233","Anastasia Abramyan","-","-",2018-02-16,"Home","Loss","-","R","-","R",0,1,"-",3,3,"P","-",3,2,"S","B","N","U","P","T","F","C","-","-","-","-","S","N",""
"234","Anastasia Abramyan","-","-",2018-02-16,"Home","Loss","-","R","-","R",0,1,"-",4,3,"O","-",0,0,"F","W","N","F","O","T","F","C","-","-","-","-","S","W",""
"235","Anastasia Abramyan","-","-",2018-02-16,"Home","Loss","-","R","-","R",0,1,"-",4,3,"O","-",0,1,"F","W","C","U","O","T","F","C","-","-","-","-","M","N",""
"236","Anastasia Abramyan","-","-",2018-02-16,"Home","Loss","-","R","-","R",0,1,"-",4,3,"O","-",0,2,"F","B","C","F","O","T","F","C","-","-","-","-","M","L",""
"237","Anastasia Abramyan","-","-",2018-02-16,"Home","Loss","-","R","-","R",0,1,"-",4,3,"O","-",0,3,"F","C","C","F","P","S","F","L","-","-","-","-","M","N",""
"238","Anastasia Abramyan","-","-",2018-02-16,"Home","Loss","-","R","-","R",0,1,"-",4,3,"O","-",1,3,"F","W","C","F","O","T","F","L","-","-","-","-","M","W",""
"239","Anastasia Abramyan","-","-",2018-02-16,"Home","Loss","-","R","-","R",0,1,"-",4,4,"P","-",0,0,"S","B","C","U","O","T","F","L","-","-","-","-","L","N",""
"240","Anastasia Abramyan","-","-",2018-02-16,"Home","Loss","-","R","-","R",0,1,"-",4,4,"P","-",0,1,"F","W","C","U","P","T","F","C","-","-","-","-","M","W",""
"241","Anastasia Abramyan","-","-",2018-02-16,"Home","Loss","-","R","-","R",0,1,"-",4,4,"P","-",1,1,"F","B","N","F","P","T","B","C","-","-","-","-","S","W",""
"242","Anastasia Abramyan","-","-",2018-02-16,"Home","Loss","-","R","-","R",0,1,"-",4,4,"P","-",2,1,"F","W","L","F","P","T","F","C","-","-","-","-","M","L",""
"243","Anastasia Abramyan","-","-",2018-02-16,"Home","Loss","-","R","-","R",0,1,"-",4,4,"P","-",3,1,"S","B","L","F","O","S","B","L","-","-","-","-","S","N",""
"244","Anastasia Abramyan","-","-",2018-02-16,"Home","Loss","-","R","-","R",0,1,"-",4,4,"P","-",3,2,"D","","","D","O","","","","-","-","-","-","","",""
"245","Anastasia Abramyan","-","-",2018-02-16,"Home","Loss","-","R","-","R",0,1,"-",4,4,"P","-",3,3,"F","B","C","U","O","T","F","C","-","-","-","-","M","L",""
"246","Anastasia Abramyan","-","-",2018-02-16,"Home","Loss","-","R","-","R",0,1,"-",4,5,"O","-",0,0,"F","W","C","U","O","T","F","C","-","-","-","-","M","N",""
"247","Anastasia Abramyan","-","-",2018-02-16,"Home","Loss","-","R","-","R",0,1,"-",4,5,"O","-",0,1,"F","W","C","W","P","T","F","L","-","-","-","-","M","",""
"248","Anastasia Abramyan","-","-",2018-02-16,"Home","Loss","-","R","-","R",0,1,"-",4,5,"O","-",1,1,"D","","","D","P","","","","-","-","-","-","","",""
"249","Anastasia Abramyan","-","-",2018-02-16,"Home","Loss","-","R","-","R",0,1,"-",4,5,"O","-",2,1,"F","W","C","F","P","S","F","L","-","-","-","-","M","N",""
"250","Anastasia Abramyan","-","-",2018-02-16,"Home","Loss","-","R","-","R",0,1,"-",4,5,"O","-",3,1,"S","W","C","U","P","T","F","C","-","-","-","-","S","L",""
"251","Anastasia Abramyan","-","-",2018-02-16,"Home","Loss","-","R","-","R",0,1,"-",5,5,"P","-",0,0,"S","C","C","U","P","T","B","C","-","-","-","-","L","N",""
"252","Anastasia Abramyan","-","-",2018-02-16,"Home","Loss","-","R","-","R",0,1,"-",5,5,"P","-",1,0,"S","B","L","W","O","T","B","L","-","-","-","-","M","",""
"253","Anastasia Abramyan","-","-",2018-02-16,"Home","Loss","-","R","-","R",0,1,"-",5,5,"P","-",1,1,"F","C","C","W","P","T","B","C","-","-","-","-","L","",""
"254","Anastasia Abramyan","-","-",2018-02-16,"Home","Loss","-","R","-","R",0,1,"-",5,5,"P","-",2,1,"F","B","L","U","P","T","F","L","-","-","-","-","M","W",""
"255","Anastasia Abramyan","-","-",2018-02-16,"Home","Loss","-","R","-","R",0,1,"-",5,5,"P","-",3,1,"D","","","D","O","","","","-","-","-","-","","",""
"256","Anastasia Abramyan","-","-",2018-02-16,"Home","Loss","-","R","-","R",0,1,"-",5,5,"P","-",3,2,"S","B","L","F","P","T","F","C","-","-","-","-","S","L",""
"257","Anastasia Abramyan","-","-",2018-02-16,"Home","Loss","-","R","-","R",0,1,"-",6,5,"O","-",0,0,"F","W","C","U","P","T","B","L","-","-","-","-","M","L",""
"258","Anastasia Abramyan","-","-",2018-02-16,"Home","Loss","-","R","-","R",0,1,"-",6,5,"O","-",1,0,"F","W","N","F","O","T","B","C","-","-","-","-","S","N",""
"259","Anastasia Abramyan","-","-",2018-02-16,"Home","Loss","-","R","-","R",0,1,"-",6,5,"O","-",1,1,"S","W","C","U","O","T","F","C","-","-","-","-","M","N",""
"260","Anastasia Abramyan","-","-",2018-02-16,"Home","Loss","-","R","-","R",0,1,"-",6,5,"O","-",1,2,"F","W","C","W","O","T","F","C","-","-","-","-","M","",""
"261","Anastasia Abramyan","-","-",2018-02-16,"Home","Loss","-","R","-","R",0,1,"-",6,5,"O","-",1,3,"F","B","C","U","P","T","F","L","-","-","-","-","L","N",""
"262","Anastasia Abramyan","-","-",2018-02-16,"Home","Loss","-","R","-","R",0,1,"-",6,5,"O","-",2,3,"F","W","N","F","O","T","F","L","-","-","-","-","S","L",""
"263","Anastasia Abramyan","-","-",2018-02-16,"Home","Loss","-","R","-","R",0,1,"-",6,6,"P","-",0,0,"F","B","C","U","O","T","F","L","-","-","-","-","M","N",""
"264","Anastasia Abramyan","-","-",2018-02-16,"Home","Loss","-","R","-","R",0,1,"-",6,6,"O","-",0,1,"D","","","D","P","","","","-","-","-","-","","",""
"265","Anastasia Abramyan","-","-",2018-02-16,"Home","Loss","-","R","-","R",0,1,"-",6,6,"O","-",1,1,"F","W","N","F","O","T","F","C","-","-","-","-","S","N",""
"266","Anastasia Abramyan","-","-",2018-02-16,"Home","Loss","-","R","-","R",0,1,"-",6,6,"P","-",1,2,"S","W","C","F","O","T","B","C","-","-","-","-","S","W",""
"267","Anastasia Abramyan","-","-",2018-02-16,"Home","Loss","-","R","-","R",0,1,"-",6,6,"P","-",1,3,"F","B","L","U","O","T","F","C","-","-","-","-","L","N",""
"268","Anastasia Abramyan","-","-",2018-02-16,"Home","Loss","-","R","-","R",0,1,"-",6,6,"O","-",1,4,"F","W","C","F","O","S","B","C","-","-","-","-","M","W",""
"269","Anastasia Abramyan","-","-",2018-02-16,"Home","Loss","-","R","-","R",0,1,"-",6,6,"O","-",1,5,"F","W","C","F","P","T","B","C","-","-","-","-","L","N",""
"270","Anastasia Abramyan","-","-",2018-02-16,"Home","Loss","-","R","-","R",0,1,"-",6,6,"P","-",2,5,"S","B","C","U","O","T","F","L","-","-","-","-","M","L",""
"271","Anastasia Abramyan","-","-",2018-02-16,"Home","Loss","-","R","-","R",0,1,"-",6,6,"P","-",2,6,"S","B","C","U","O","T","F","C","-","-","-","-","S","L",""
"272","Anastasia Abramyan","-","-",2018-03-24,"Home","Win","-","R","-","R",0,0,"-",0,0,"P","-",0,0,"F","W","C","F","O","T","F","L","-","-","-","-","M","L",""
"273","Anastasia Abramyan","-","-",2018-03-24,"Home","Win","-","R","-","R",0,0,"-",0,0,"O","-",0,1,"F","B","C","U","P","T","B","C","-","-","-","-","M","L",""
"274","Anastasia Abramyan","-","-",2018-03-24,"Home","Win","-","R","-","R",0,0,"-",0,0,"O","-",1,1,"D","","","","P","","","","-","-","-","-","","N",""
"275","Anastasia Abramyan","-","-",2018-03-24,"Home","Win","-","R","-","R",0,0,"-",0,0,"O","-",2,1,"F","B","C","U","O","T","F","C","-","-","-","-","S","L",""
"276","Anastasia Abramyan","-","-",2018-03-24,"Home","Win","-","R","-","R",0,0,"-",0,0,"O","-",2,2,"F","W","L","F","P","T","B","C","-","-","-","-","M","N",""
"277","Anastasia Abramyan","-","-",2018-03-24,"Home","Win","-","R","-","R",0,0,"-",0,0,"O","-",3,2,"D","","","","P","","","","-","-","-","-","","L",""
"278","Anastasia Abramyan","-","-",2018-03-24,"Home","Win","-","R","-","R",0,0,"-",1,0,"P","-",0,0,"F","W","C","W","O","T","F","L","-","-","-","-","L","",""
"279","Anastasia Abramyan","-","-",2018-03-24,"Home","Win","-","R","-","R",0,0,"-",1,0,"P","-",0,1,"F","B","C","U","P","T","F","C","-","-","-","-","S","L",""
"280","Anastasia Abramyan","-","-",2018-03-24,"Home","Win","-","R","-","R",0,0,"-",1,0,"P","-",1,1,"D","","","","O","","","","-","-","-","-","","N",""
"281","Anastasia Abramyan","-","-",2018-03-24,"Home","Win","-","R","-","R",0,0,"-",1,0,"P","-",1,2,"D","","","","O","","","","-","-","-","-","","W",""
"282","Anastasia Abramyan","-","-",2018-03-24,"Home","Win","-","R","-","R",0,0,"-",1,0,"P","-",1,3,"F","B","L","W","P","T","B","C","-","-","-","-","S","",""
"283","Anastasia Abramyan","-","-",2018-03-24,"Home","Win","-","R","-","R",0,0,"-",1,0,"P","-",2,3,"S","W","C","W","O","S","B","L","-","-","-","-","S","",""
"284","Anastasia Abramyan","-","-",2018-03-24,"Home","Win","-","R","-","R",0,0,"-",1,1,"O","-",0,0,"F","W","N","F","O","S","B","L","-","-","-","-","S","N",""
"285","Anastasia Abramyan","-","-",2018-03-24,"Home","Win","-","R","-","R",0,0,"-",1,1,"O","-",0,1,"D","","","","P","","","","-","-","-","-","","N",""
"286","Anastasia Abramyan","-","-",2018-03-24,"Home","Win","-","R","-","R",0,0,"-",1,1,"O","-",1,1,"F","B","C","U","O","T","B","C","-","-","-","-","M","N",""
"287","Anastasia Abramyan","-","-",2018-03-24,"Home","Win","-","R","-","R",0,0,"-",1,1,"O","-",1,2,"F","B","C","W","O","T","B","L","-","-","-","-","S","",""
"288","Anastasia Abramyan","-","-",2018-03-24,"Home","Win","-","R","-","R",0,0,"-",1,1,"O","-",1,3,"D","","","","P","","","","-","-","-","-","","L",""
"289","Anastasia Abramyan","-","-",2018-03-24,"Home","Win","-","R","-","R",0,0,"-",1,1,"O","-",2,3,"S","W","C","U","O","T","F","C","-","-","-","-","M","W",""
"290","Anastasia Abramyan","-","-",2018-03-24,"Home","Win","-","R","-","R",0,0,"-",1,2,"P","-",0,0,"S","B","C","U","O","T","B","C","-","-","-","-","S","L",""
"291","Anastasia Abramyan","-","-",2018-03-24,"Home","Win","-","R","-","R",0,0,"-",1,2,"P","-",0,1,"F","B","N","F","P","","","","-","-","-","-","","N",""
"292","Anastasia Abramyan","-","-",2018-03-24,"Home","Win","-","R","-","R",0,0,"-",1,2,"P","-",1,1,"D","","","","O","","","","-","-","-","-","","N",""
"293","Anastasia Abramyan","-","-",2018-03-24,"Home","Win","-","R","-","R",0,0,"-",1,2,"P","-",1,2,"S","B","L","U","O","T","B","C","-","-","-","-","M","W",""
"294","Anastasia Abramyan","-","-",2018-03-24,"Home","Win","-","R","-","R",0,0,"-",1,2,"P","-",1,3,"F","C","L","W","P","T","F","L","-","-","-","-","S","",""
"295","Anastasia Abramyan","-","-",2018-03-24,"Home","Win","-","R","-","R",0,0,"-",1,2,"P","-",2,3,"D","","","","O","","","","-","-","-","-","","L",""
"296","Anastasia Abramyan","-","-",2018-03-24,"Home","Win","-","R","-","R",0,0,"-",1,3,"O","-",0,0,"F","C","C","W","O","T","F","C","-","-","-","-","M","",""
"297","Anastasia Abramyan","-","-",2018-03-24,"Home","Win","-","R","-","R",0,0,"-",1,3,"O","-",0,1,"F","W","C","U","O","T","F","L","-","-","-","-","M","L",""
"298","Anastasia Abramyan","-","-",2018-03-24,"Home","Win","-","R","-","R",0,0,"-",1,3,"O","-",0,2,"S","W","C","U","P","T","F","C","-","-","-","-","S","L",""
"299","Anastasia Abramyan","-","-",2018-03-24,"Home","Win","-","R","-","R",0,0,"-",1,3,"O","-",1,2,"F","C","L","F","O","T","F","C","-","-","-","-","M","N",""
"300","Anastasia Abramyan","-","-",2018-03-24,"Home","Win","-","R","-","R",0,0,"-",1,3,"O","-",1,3,"F","W","N","F","O","T","F","C","-","-","-","-","S","N",""
"301","Anastasia Abramyan","-","-",2018-03-24,"Home","Win","-","R","-","R",0,0,"-",1,4,"P","-",0,0,"S","B","C","W","O","T","B","L","-","-","-","-","M","",""
"302","Anastasia Abramyan","-","-",2018-03-24,"Home","Win","-","R","-","R",0,0,"-",1,4,"P","-",0,1,"F","B","C","W","O","T","B","L","-","-","-","-","S","",""
"303","Anastasia Abramyan","-","-",2018-03-24,"Home","Win","-","R","-","R",0,0,"-",1,4,"P","-",0,2,"F","C","C","F","P","T","B","L","-","-","-","-","M","L",""
"304","Anastasia Abramyan","-","-",2018-03-24,"Home","Win","-","R","-","R",0,0,"-",1,4,"P","-",1,2,"D","","","","O","","","","-","-","-","-","","L",""
"305","Anastasia Abramyan","-","-",2018-03-24,"Home","Win","-","R","-","R",0,0,"-",1,4,"P","-",1,3,"F","W","C","U","P","T","B","L","-","-","-","-","M","N",""
"306","Anastasia Abramyan","-","-",2018-03-24,"Home","Win","-","R","-","R",0,0,"-",1,4,"P","-",2,3,"F","C","C","W","O","T","B","C","-","-","-","-","M","",""
"307","Anastasia Abramyan","-","-",2018-03-24,"Home","Win","-","R","-","R",0,0,"-",1,5,"O","-",0,0,"D","","","","P","","","","-","-","-","-","","L",""
"308","Anastasia Abramyan","-","-",2018-03-24,"Home","Win","-","R","-","R",0,0,"-",1,5,"O","-",1,0,"F","W","N","F","O","T","B","C","-","-","-","-","S","N",""
"309","Anastasia Abramyan","-","-",2018-03-24,"Home","Win","-","R","-","R",0,0,"-",1,5,"O","-",1,1,"F","B","C","W","O","T","B","L","-","-","-","-","M","",""
"310","Anastasia Abramyan","-","-",2018-03-24,"Home","Win","-","R","-","R",0,0,"-",1,5,"O","-",1,2,"F","W","C","W","O","T","B","L","-","-","-","-","S","",""
"311","Anastasia Abramyan","-","-",2018-03-24,"Home","Win","-","R","-","R",0,0,"-",1,5,"O","-",1,3,"S","W","C","U","P","T","B","C","-","-","-","-","M","W",""
"312","Anastasia Abramyan","-","-",2018-03-24,"Home","Win","-","R","-","R",0,0,"-",1,5,"O","-",2,3,"D","","","","P","","","","-","-","-","-","","N",""
"313","Anastasia Abramyan","-","-",2018-03-24,"Home","Win","-","R","-","R",0,0,"-",1,5,"O","-",3,3,"D","","","","P","","","","-","-","-","-","","L",""
"314","Anastasia Abramyan","-","-",2018-03-24,"Home","Win","-","R","-","R",0,0,"-",2,5,"P","-",0,0,"F","B","C","F","O","O","B","C","-","-","-","-","S","N",""
"315","Anastasia Abramyan","-","-",2018-03-24,"Home","Win","-","R","-","R",0,0,"-",2,5,"P","-",0,1,"S","B","L","W","O","T","F","C","-","-","-","-","M","",""
"316","Anastasia Abramyan","-","-",2018-03-24,"Home","Win","-","R","-","R",0,0,"-",2,5,"P","-",0,2,"F","B","L","U","O","T","B","C","-","-","-","-","M","W",""
"317","Anastasia Abramyan","-","-",2018-03-24,"Home","Win","-","R","-","R",0,0,"-",2,5,"P","-",0,3,"F","W","L","U","O","T","F","C","-","-","-","-","S","N",""
"318","Anastasia Abramyan","-","-",2018-03-24,"Home","Win","-","R","-","R",0,1,"-",0,0,"P","-",0,0,"S","W","C","W","P","T","B","C","-","-","-","-","M","",""
"319","Anastasia Abramyan","-","-",2018-03-24,"Home","Win","-","R","-","R",0,1,"-",0,0,"P","-",1,0,"S","C","L","W","O","T","B","L","-","-","-","-","M","",""
"320","Anastasia Abramyan","-","-",2018-03-24,"Home","Win","-","R","-","R",0,1,"-",0,0,"P","-",1,1,"F","W","N","F","O","T","F","C","-","-","-","-","S","W",""
"321","Anastasia Abramyan","-","-",2018-03-24,"Home","Win","-","R","-","R",0,1,"-",0,0,"P","-",1,2,"F","B","L","U","O","L","F","C","-","-","-","-","S","L",""
"322","Anastasia Abramyan","-","-",2018-03-24,"Home","Win","-","R","-","R",0,1,"-",0,0,"P","-",1,3,"D","","","","P","","","","-","-","-","-","","N",""
"323","Anastasia Abramyan","-","-",2018-03-24,"Home","Win","-","R","-","R",0,1,"-",0,0,"P","-",2,3,"S","W","C","U","P","T","B","C","-","-","-","-","S","N",""
"324","Anastasia Abramyan","-","-",2018-03-24,"Home","Win","-","R","-","R",0,1,"-",0,0,"P","-",3,3,"S","B","C","F","O","S","B","L","-","-","-","-","S","N",""
"325","Anastasia Abramyan","-","-",2018-03-24,"Home","Win","-","R","-","R",0,1,"-",0,1,"O","-",0,0,"F","C","C","F","P","S","F","L","-","-","-","-","M","N",""
"326","Anastasia Abramyan","-","-",2018-03-24,"Home","Win","-","R","-","R",0,1,"-",0,1,"O","-",1,0,"F","C","C","F","O","T","B","C","-","-","-","-","S","N",""
"327","Anastasia Abramyan","-","-",2018-03-24,"Home","Win","-","R","-","R",0,1,"-",0,1,"O","-",1,1,"F","C","C","U","P","T","B","L","-","-","-","-","M","L",""
"328","Anastasia Abramyan","-","-",2018-03-24,"Home","Win","-","R","-","R",0,1,"-",0,1,"O","-",2,1,"F","W","L","W","P","T","F","L","-","-","-","-","S","",""
"329","Anastasia Abramyan","-","-",2018-03-24,"Home","Win","-","R","-","R",0,1,"-",0,1,"O","-",3,1,"D","","","","O","","","","-","-","-","-","","N",""
"330","Anastasia Abramyan","-","-",2018-03-24,"Home","Win","-","R","-","R",0,1,"-",0,1,"O","-",3,2,"F","C","C","W","O","T","F","L","-","-","-","-","M","",""
"331","Anastasia Abramyan","-","-",2018-03-24,"Home","Win","-","R","-","R",0,1,"-",0,1,"O","-",3,3,"F","C","L","U","O","T","B","L","-","-","-","-","M","L",""
"332","Anastasia Abramyan","-","-",2018-03-24,"Home","Win","-","R","-","R",0,1,"-",0,2,"P","-",0,0,"S","C","N","U","O","T","F","C","-","-","-","-","S","N",""
"333","Anastasia Abramyan","-","-",2018-03-24,"Home","Win","-","R","-","R",0,1,"-",0,2,"P","-",0,1,"F","W","N","U","O","T","B","C","-","-","-","-","S","W",""
"334","Anastasia Abramyan","-","-",2018-03-24,"Home","Win","-","R","-","R",0,1,"-",0,2,"P","-",0,2,"F","W","C","F","P","T","B","L","-","-","-","-","S","W",""
"335","Anastasia Abramyan","-","-",2018-03-24,"Home","Win","-","R","-","R",0,1,"-",0,2,"P","-",1,2,"F","W","L","U","P","T","B","C","-","-","-","-","S","W",""
"336","Anastasia Abramyan","-","-",2018-03-24,"Home","Win","-","R","-","R",0,1,"-",0,2,"P","-",2,2,"F","B","C","F","O","T","F","C","-","-","-","-","L","L",""
"337","Anastasia Abramyan","-","-",2018-03-24,"Home","Win","-","R","-","R",0,1,"-",0,2,"P","-",2,3,"S","B","C","W","P","T","F","L","-","-","-","-","M","",""
"338","Anastasia Abramyan","-","-",2018-03-24,"Home","Win","-","R","-","R",0,1,"-",0,2,"P","-",3,3,"F","B","C","U","O","T","F","C","-","-","-","-","M","N",""
"339","Anastasia Abramyan","-","-",2018-03-24,"Home","Win","-","R","-","R",0,1,"-",0,3,"O","-",0,0,"D","","","","O","","","","-","-","-","-","","N",""
"340","Anastasia Abramyan","-","-",2018-03-24,"Home","Win","-","R","-","R",0,1,"-",0,3,"O","-",0,1,"S","C","C","U","O","T","F","C","-","-","-","-","M","N",""
"341","Anastasia Abramyan","-","-",2018-03-24,"Home","Win","-","R","-","R",0,1,"-",0,3,"O","-",0,2,"F","B","C","W","O","T","F","C","-","-","-","-","L","",""
"342","Anastasia Abramyan","-","-",2018-03-24,"Home","Win","-","R","-","R",0,1,"-",0,3,"O","-",0,3,"S","C","N","F","P","T","B","L","-","-","-","-","S","L",""
"343","Anastasia Abramyan","-","-",2018-03-24,"Home","Win","-","R","-","R",0,1,"-",0,3,"O","-",1,3,"S","C","L","U","P","T","F","C","-","-","-","-","S","L",""
"344","Anastasia Abramyan","-","-",2018-03-24,"Home","Win","-","R","-","R",0,1,"-",0,3,"O","-",2,3,"F","C","C","U","P","T","F","L","-","-","-","-","M","N",""
"345","Anastasia Abramyan","-","-",2018-03-24,"Home","Win","-","R","-","R",0,1,"-",0,3,"O","-",3,3,"F","C","L","U","P","T","F","L","-","-","-","-","M","L",""
"346","Anastasia Abramyan","-","-",2018-03-24,"Home","Win","-","R","-","R",0,1,"-",1,3,"P","-",0,0,"D","","","","P","","","","-","-","-","-","","L",""
"347","Anastasia Abramyan","-","-",2018-03-24,"Home","Win","-","R","-","R",0,1,"-",1,3,"P","-",1,0,"S","B","C","U","O","T","B","L","-","-","-","-","S","W",""
"348","Anastasia Abramyan","-","-",2018-03-24,"Home","Win","-","R","-","R",0,1,"-",1,3,"P","-",1,1,"F","W","L","U","P","T","F","L","-","-","-","-","S","W",""
"349","Anastasia Abramyan","-","-",2018-03-24,"Home","Win","-","R","-","R",0,1,"-",1,3,"P","-",2,1,"F","C","L","U","P","T","F","C","-","-","-","-","M","W",""
"350","Anastasia Abramyan","-","-",2018-03-24,"Home","Win","-","R","-","R",0,1,"-",1,3,"P","-",3,1,"F","W","N","F","O","T","F","C","-","-","-","-","S","N",""
"351","Anastasia Abramyan","-","-",2018-03-24,"Home","Win","-","R","-","R",0,1,"-",1,3,"P","-",3,2,"F","W","C","U","P","T","F","C","-","-","-","-","M","L",""
"352","Anastasia Abramyan","-","-",2018-03-24,"Home","Win","-","R","-","R",0,1,"-",2,3,"O","-",0,0,"S","B","L","W","O","T","B","C","-","-","-","-","S","",""
"353","Anastasia Abramyan","-","-",2018-03-24,"Home","Win","-","R","-","R",0,1,"-",2,3,"O","-",0,1,"F","C","C","U","P","T","B","C","-","-","-","-","S","L",""
"354","Anastasia Abramyan","-","-",2018-03-24,"Home","Win","-","R","-","R",0,1,"-",2,3,"O","-",1,1,"F","W","C","U","O","T","F","C","-","-","-","-","S","N",""
"355","Anastasia Abramyan","-","-",2018-03-24,"Home","Win","-","R","-","R",0,1,"-",2,3,"O","-",1,2,"F","W","C","W","P","T","B","L","-","-","-","-","S","",""
"356","Anastasia Abramyan","-","-",2018-03-24,"Home","Win","-","R","-","R",0,1,"-",2,3,"O","-",2,2,"F","W","C","W","O","T","B","L","-","-","-","-","M","",""
"357","Anastasia Abramyan","-","-",2018-03-24,"Home","Win","-","R","-","R",0,1,"-",2,3,"O","-",2,3,"F","B","L","U","P","T","F","C","-","-","-","-","M","N",""
"358","Anastasia Abramyan","-","-",2018-03-24,"Home","Win","-","R","-","R",0,1,"-",2,3,"O","-",3,3,"F","W","C","U","O","T","B","C","-","-","-","-","M","N",""
"359","Anastasia Abramyan","-","-",2018-03-24,"Home","Win","-","R","-","R",0,1,"-",2,4,"P","-",0,0,"S","W","C","U","P","T","F","C","-","-","-","-","M","N",""
"360","Anastasia Abramyan","-","-",2018-03-24,"Home","Win","-","R","-","R",0,1,"-",2,4,"P","-",1,0,"F","W","C","U","P","T","F","L","-","-","-","-","S","W",""
"361","Anastasia Abramyan","-","-",2018-03-24,"Home","Win","-","R","-","R",0,1,"-",2,4,"P","-",2,0,"F","W","N","F","O","T","F","C","-","-","-","-","S","W",""
"362","Anastasia Abramyan","-","-",2018-03-24,"Home","Win","-","R","-","R",0,1,"-",2,4,"P","-",2,1,"F","W","C","F","O","S","B","L","-","-","-","-","M","N",""
"363","Anastasia Abramyan","-","-",2018-03-24,"Home","Win","-","R","-","R",0,1,"-",2,4,"P","-",2,2,"F","C","N","F","O","T","F","C","-","-","-","-","S","L",""
"364","Anastasia Abramyan","-","-",2018-03-24,"Home","Win","-","R","-","R",0,1,"-",2,4,"P","-",2,3,"F","W","N","F","O","T","B","C","-","-","-","-","S","L",""
"365","Anastasia Abramyan","-","-",2018-03-24,"Home","Win","-","R","-","R",0,1,"-",2,5,"O","-",0,0,"F","B","N","F","P","T","F","C","-","-","-","-","S","N",""
"366","Anastasia Abramyan","-","-",2018-03-24,"Home","Win","-","R","-","R",0,1,"-",2,5,"O","-",1,0,"F","W","C","U","P","S","F","C","-","-","-","-","S","N",""
"367","Anastasia Abramyan","-","-",2018-03-24,"Home","Win","-","R","-","R",0,1,"-",2,5,"O","-",2,0,"F","B","C","W","P","T","F","L","-","-","-","-","S","",""
"368","Anastasia Abramyan","-","-",2018-03-24,"Home","Win","-","R","-","R",0,1,"-",2,5,"O","-",3,0,"S","B","C","U","P","T","F","L","-","-","-","-","L","L",""
"369","Anastasia Abramyan","-","-",2018-03-24,"Home","Win","-","R","-","R",0,1,"-",3,5,"P","-",0,0,"F","W","C","W","O","T","F","C","-","-","-","-","M","",""
"370","Anastasia Abramyan","-","-",2018-03-24,"Home","Win","-","R","-","R",0,1,"-",3,5,"P","-",0,1,"S","W","C","U","O","T","B","L","-","-","-","-","M","L",""
"371","Anastasia Abramyan","-","-",2018-03-24,"Home","Win","-","R","-","R",0,1,"-",3,5,"P","-",0,2,"S","W","C","U","P","T","F","C","-","-","-","-","M","L",""
"372","Anastasia Abramyan","-","-",2018-03-24,"Home","Win","-","R","-","R",0,1,"-",3,5,"P","-",1,2,"F","W","C","U","P","T","F","C","-","-","-","-","M","N",""
"373","Anastasia Abramyan","-","-",2018-03-24,"Home","Win","-","R","-","R",0,1,"-",3,5,"P","-",2,2,"S","W","C","U","P","T","F","C","-","-","-","-","M","L",""
"374","Anastasia Abramyan","-","-",2018-03-24,"Home","Win","-","R","-","R",0,1,"-",3,5,"P","-",3,2,"D","","","","P","","","","-","-","-","-","","N",""
"375","Anastasia Abramyan","-","-",2018-03-24,"Home","Win","-","R","-","R",0,1,"-",4,5,"O","-",0,0,"F","W","C","F","O","S","B","C","-","-","-","-","M","N",""
"376","Anastasia Abramyan","-","-",2018-03-24,"Home","Win","-","R","-","R",0,1,"-",4,5,"O","-",0,1,"F","W","C","U","P","T","B","L","-","-","-","-","M","N",""
"377","Anastasia Abramyan","-","-",2018-03-24,"Home","Win","-","R","-","R",0,1,"-",4,5,"O","-",1,1,"F","W","C","U","O","T","B","L","-","-","-","-","M","N",""
"378","Anastasia Abramyan","-","-",2018-03-24,"Home","Win","-","R","-","R",0,1,"-",4,5,"O","-",1,2,"S","W","C","U","O","T","F","C","-","-","-","-","M","L",""
"379","Anastasia Abramyan","-","-",2018-03-24,"Home","Win","-","R","-","R",0,1,"-",4,5,"O","-",1,3,"F","B","C","W","P","T","F","C","-","-","-","-","S","",""
"380","Anastasia Abramyan","-","-",2018-03-24,"Home","Win","-","R","-","R",0,1,"-",4,5,"O","-",2,3,"F","W","C","U","P","T","B","C","-","-","-","-","S","N",""
"381","Anastasia Abramyan","-","-",2018-03-24,"Home","Win","-","R","-","R",0,1,"-",4,5,"O","-",3,3,"F","C","C","U","P","T","B","L","-","-","-","-","M","L",""
"382","Anastasia Abramyan","-","-",2018-03-24,"Home","Win","-","R","-","R",0,1,"-",5,5,"P","-",0,0,"S","W","C","U","P","T","F","L","-","-","-","-","M","L",""
"383","Anastasia Abramyan","-","-",2018-03-24,"Home","Win","-","R","-","R",0,1,"-",5,5,"P","-",1,0,"F","W","C","W","O","T","B","L","-","-","-","-","S","",""
"384","Anastasia Abramyan","-","-",2018-03-24,"Home","Win","-","R","-","R",0,1,"-",5,5,"P","-",1,1,"S","B","C","U","O","T","F","C","-","-","-","-","S","L",""
"385","Anastasia Abramyan","-","-",2018-03-24,"Home","Win","-","R","-","R",0,1,"-",5,5,"P","-",1,2,"F","B","C","U","P","T","B","C","-","-","-","-","M","L",""
"386","Anastasia Abramyan","-","-",2018-03-24,"Home","Win","-","R","-","R",0,1,"-",5,5,"P","-",2,2,"D","","","","P","","","","-","-","-","-","","L",""
"387","Anastasia Abramyan","-","-",2018-03-24,"Home","Win","-","R","-","R",0,1,"-",5,5,"P","-",3,2,"F","W","C","W","P","L","F","L","-","-","-","-","M","",""
"388","Anastasia Abramyan","-","-",2018-03-24,"Home","Win","-","R","-","R",0,1,"-",6,5,"O","-",0,0,"D","","","","O","","","","-","-","-","-","","L",""
"389","Anastasia Abramyan","-","-",2018-03-24,"Home","Win","-","R","-","R",0,1,"-",6,5,"O","-",0,1,"F","C","C","U","P","T","F","C","-","-","-","-","M","N",""
"390","Anastasia Abramyan","-","-",2018-03-24,"Home","Win","-","R","-","R",0,1,"-",6,5,"O","-",1,1,"F","B","C","F","O","S","F","L","-","-","-","-","M","W",""
"391","Anastasia Abramyan","-","-",2018-03-24,"Home","Win","-","R","-","R",0,1,"-",6,5,"O","-",1,2,"F","W","C","F","O","T","B","C","-","-","-","-","M","N",""
"392","Anastasia Abramyan","-","-",2018-03-24,"Home","Win","-","R","-","R",0,1,"-",6,5,"O","-",1,3,"F","W","C","W","P","T","B","C","-","-","-","-","M","",""
"393","Anastasia Abramyan","-","-",2018-03-24,"Home","Win","-","R","-","R",0,1,"-",6,5,"O","-",2,3,"F","W","C","U","P","T","B","C","-","-","-","-","M","N",""
"394","Anastasia Abramyan","-","-",2018-03-24,"Home","Win","-","R","-","R",0,1,"-",6,5,"O","-",3,3,"F","W","C","U","O","T","B","L","-","-","-","-","M","N",""
"395","Anastasia Abramyan","-","-",2018-03-24,"Home","Win","-","R","-","R",0,1,"-",6,6,"P","-",0,0,"F","W","N","F","O","T","F","L","-","-","-","-","S","N",""
"396","Anastasia Abramyan","-","-",2018-03-24,"Home","Win","-","R","-","R",0,1,"-",6,6,"P","-",0,1,"F","W","C","W","P","T","F","L","-","-","-","-","M","",""
"397","Anastasia Abramyan","-","-",2018-03-24,"Home","Win","-","R","-","R",0,1,"-",6,6,"P","-",1,1,"F","C","L","U","O","T","F","C","-","-","-","-","S","W",""
"398","Anastasia Abramyan","-","-",2018-03-24,"Home","Win","-","R","-","R",0,1,"-",6,6,"P","-",1,2,"F","C","C","F","P","S","B","C","-","-","-","-","M","N",""
"399","Anastasia Abramyan","-","-",2018-03-24,"Home","Win","-","R","-","R",0,1,"-",6,6,"P","-",2,2,"S","B","C","W","O","T","B","C","-","-","-","-","L","",""
"400","Anastasia Abramyan","-","-",2018-03-24,"Home","Win","-","R","-","R",0,1,"-",6,6,"P","-",2,3,"F","W","C","U","O","T","B","C","-","-","-","-","L","L",""
"401","Anastasia Abramyan","-","-",2018-03-24,"Home","Win","-","R","-","R",0,1,"-",6,6,"P","-",2,4,"F","C","C","U","P","T","B","C","-","-","-","-","S","L",""
"402","Anastasia Abramyan","-","-",2018-03-24,"Home","Win","-","R","-","R",0,1,"-",6,6,"P","-",3,4,"S","B","C","U","P","T","B","L","-","-","-","-","M","L",""
"403","Anastasia Abramyan","-","-",2018-03-24,"Home","Win","-","R","-","R",0,1,"-",6,6,"P","-",4,4,"S","W","C","U","O","T","B","L","-","-","-","-","M","L",""
"404","Anastasia Abramyan","-","-",2018-03-24,"Home","Win","-","R","-","R",0,1,"-",6,6,"P","-",4,5,"F","C","C","U","P","T","B","L","-","-","-","-","M","L",""
"405","Anastasia Abramyan","-","-",2018-03-24,"Home","Win","-","R","-","R",0,1,"-",6,6,"P","-",5,5,"F","W","L","U","P","T","F","L","-","-","-","-","S","L",""
"406","Anastasia Abramyan","-","-",2018-03-24,"Home","Win","-","R","-","R",0,1,"-",6,6,"P","-",6,5,"S","W","C","U","O","T","F","C","-","-","-","-","M","N",""
"407","Anastasia Abramyan","-","-",2018-03-24,"Home","Win","-","R","-","R",0,1,"-",6,6,"P","-",6,6,"F","C","C","U","P","S","F","L","-","-","-","-","M","L",""
"408","Anastasia Abramyan","-","-",2018-03-24,"Home","Win","-","R","-","R",0,1,"-",6,6,"P","-",7,6,"F","C","C","W","O","T","F","C","-","-","-","-","L","",""
"409","Anastasia Abramyan","-","-",2018-03-24,"Home","Win","-","R","-","R",0,1,"-",6,6,"P","-",7,7,"F","C","C","F","O","","","","-","-","-","-","","",""
"410","Anastasia Abramyan","-","-",2018-03-24,"Home","Win","-","R","-","R",0,1,"-",6,6,"P","-",7,8,"D","","","","P","","","","-","-","-","-","","L",""
"411","Anastasia Abramyan","-","-",2018-03-24,"Home","Win","-","R","-","R",0,1,"-",6,6,"P","-",8,8,"F","W","C","U","P","T","F","C","-","-","-","-","M","W",""
"412","Anastasia Abramyan","-","-",2018-03-24,"Home","Win","-","R","-","R",0,1,"-",6,6,"P","-",9,8,"F","C","L","U","P","T","F","C","-","-","-","-","S","L",""
"413","Anastasia Abramyan","-","-",2018-03-24,"Home","Win","-","R","-","R",1,1,"-",0,0,"P","-",0,0,"F","W","N","","P","T","F","L","-","-","-","-","S","N",""
"414","Anastasia Abramyan","-","-",2018-03-24,"Home","Win","-","R","-","R",1,1,"-",0,0,"P","-",1,0,"F","C","C","W","P","T","B","C","-","-","-","-","M","",""
"415","Anastasia Abramyan","-","-",2018-03-24,"Home","Win","-","R","-","R",1,1,"-",0,0,"P","-",2,0,"S","W","N","F","P","T","F","L","-","-","-","-","S","W",""
"416","Anastasia Abramyan","-","-",2018-03-24,"Home","Win","-","R","-","R",1,1,"-",0,0,"P","-",3,0,"S","W","C","F","O","S","B","C","-","-","-","-","S","N",""
"417","Anastasia Abramyan","-","-",2018-03-24,"Home","Win","-","R","-","R",1,1,"-",0,0,"P","-",3,1,"F","W","C","U","P","T","F","C","-","-","-","-","M","L",""
"418","Anastasia Abramyan","-","-",2018-03-24,"Home","Win","-","R","-","R",1,1,"-",1,0,"O","-",0,0,"D","","","","P","","","","-","-","-","-","","N",""
"419","Anastasia Abramyan","-","-",2018-03-24,"Home","Win","-","R","-","R",1,1,"-",1,0,"O","-",1,0,"F","W","C","W","P","T","B","C","-","-","-","-","L","",""
"420","Anastasia Abramyan","-","-",2018-03-24,"Home","Win","-","R","-","R",1,1,"-",1,0,"O","-",2,0,"F","C","C","U","P","V","F","C","-","-","-","-","S","N",""
"421","Anastasia Abramyan","-","-",2018-03-24,"Home","Win","-","R","-","R",1,1,"-",1,0,"O","-",3,0,"F","C","C","W","O","T","B","C","-","-","-","-","M","",""
"422","Anastasia Abramyan","-","-",2018-03-24,"Home","Win","-","R","-","R",1,1,"-",1,0,"O","-",3,1,"F","W","C","U","P","T","B","L","-","-","-","-","M","N",""
"423","Anastasia Abramyan","-","-",2018-03-24,"Home","Win","-","R","-","R",1,1,"-",2,0,"P","-",0,0,"F","B","C","F","O","T","B","C","-","-","-","-","M","L",""
"424","Anastasia Abramyan","-","-",2018-03-24,"Home","Win","-","R","-","R",1,1,"-",2,0,"P","-",0,1,"S","C","L","U","P","T","F","L","-","-","-","-","M","N",""
"425","Anastasia Abramyan","-","-",2018-03-24,"Home","Win","-","R","-","R",1,1,"-",2,0,"P","-",1,1,"F","C","C","W","P","T","F","L","-","-","-","-","M","",""
"426","Anastasia Abramyan","-","-",2018-03-24,"Home","Win","-","R","-","R",1,1,"-",2,0,"P","-",2,1,"D","","","","O","","","","-","-","-","-","","L",""
"427","Anastasia Abramyan","-","-",2018-03-24,"Home","Win","-","R","-","R",1,1,"-",2,0,"P","-",2,2,"F","B","C","U","P","T","F","L","-","-","-","-","M","L",""
"428","Anastasia Abramyan","-","-",2018-03-24,"Home","Win","-","R","-","R",1,1,"-",2,0,"P","-",3,2,"D","","","","O","","","","-","-","-","-","","N",""
"429","Anastasia Abramyan","-","-",2018-03-24,"Home","Win","-","R","-","R",1,1,"-",2,0,"P","-",3,3,"F","B","C","U","P","T","B","L","-","-","-","-","L","N",""
"430","Anastasia Abramyan","-","-",2018-03-24,"Home","Win","-","R","-","R",1,1,"-",3,0,"O","-",0,0,"S","B","C","W","O","O","F","L","-","-","-","-","M","",""
"431","Anastasia Abramyan","-","-",2018-03-24,"Home","Win","-","R","-","R",1,1,"-",3,0,"O","-",0,1,"D","","","","P","","","","-","-","-","-","","N",""
"432","Anastasia Abramyan","-","-",2018-03-24,"Home","Win","-","R","-","R",1,1,"-",3,0,"O","-",1,1,"F","W","C","U","P","T","F","L","-","-","-","-","S","L",""
"433","Anastasia Abramyan","-","-",2018-03-24,"Home","Win","-","R","-","R",1,1,"-",3,0,"O","-",2,1,"F","C","C","U","P","T","B","C","-","-","-","-","S","L",""
"434","Anastasia Abramyan","-","-",2018-03-24,"Home","Win","-","R","-","R",1,1,"-",3,0,"O","-",3,1,"F","C","N","F","O","S","B","L","-","-","-","-","S","W",""
"435","Anastasia Abramyan","-","-",2018-03-24,"Home","Win","-","R","-","R",1,1,"-",3,0,"O","-",3,2,"S","W","C","U","P","T","B","L","-","-","-","-","S","N",""
"436","Anastasia Abramyan","-","-",2018-03-24,"Home","Win","-","R","-","R",1,1,"-",4,0,"P","-",0,0,"S","W","N","F","P","T","F","C","-","-","-","-","S","N",""
"437","Anastasia Abramyan","-","-",2018-03-24,"Home","Win","-","R","-","R",1,1,"-",4,0,"P","-",1,0,"S","C","C","U","O","T","B","L","-","-","-","-","M","N",""
"438","Anastasia Abramyan","-","-",2018-03-24,"Home","Win","-","R","-","R",1,1,"-",4,0,"P","-",1,1,"D","","","","O","","","","-","-","-","-","","L",""
"439","Anastasia Abramyan","-","-",2018-03-24,"Home","Win","-","R","-","R",1,1,"-",4,0,"P","-",1,2,"F","C","C","U","O","T","B","C","-","-","-","-","M","N",""
"440","Anastasia Abramyan","-","-",2018-03-24,"Home","Win","-","R","-","R",1,1,"-",4,0,"P","-",1,3,"F","C","C","F","P","","","","-","-","-","-","","",""
"441","Anastasia Abramyan","-","-",2018-03-24,"Home","Win","-","R","-","R",1,1,"-",4,0,"P","-",2,3,"F","C","L","U","P","T","F","L","-","-","-","-","S","W",""
"442","Anastasia Abramyan","-","-",2018-03-24,"Home","Win","-","R","-","R",1,1,"-",4,0,"P","-",3,3,"F","C","C","U","P","T","F","L","-","-","-","-","M","N",""
"443","Anastasia Abramyan","-","-",2018-03-24,"Home","Win","-","R","-","R",1,1,"-",5,0,"O","-",0,0,"S","W","C","U","P","T","F","L","-","-","-","-","M","N",""
"444","Anastasia Abramyan","-","-",2018-03-24,"Home","Win","-","R","-","R",1,1,"-",5,0,"O","-",1,0,"S","B","C","","O","","","","-","-","-","-","","",""
"445","Anastasia Abramyan","-","-",2018-03-24,"Home","Win","-","R","-","R",1,1,"-",5,0,"O","-",1,1,"F","W","N","F","O","T","F","C","-","-","-","-","S","W",""
"446","Anastasia Abramyan","-","-",2018-03-24,"Home","Win","-","R","-","R",1,1,"-",5,0,"O","-",1,2,"F","B","N","F","O","T","B","C","-","-","-","-","S","L",""
"447","Anastasia Abramyan","-","-",2018-03-24,"Home","Win","-","R","-","R",1,1,"-",5,0,"O","-",1,3,"S","W","","A","O","","","","-","-","-","-","","",""
"448","Anastasia Abramyan","-","-",2018-03-24,"Home","Win","-","R","-","R",1,1,"-",5,1,"P","-",0,0,"F","C","N","F","P","T","B","C","-","-","-","-","S","N",""
"449","Anastasia Abramyan","-","-",2018-03-24,"Home","Win","-","R","-","R",1,1,"-",5,1,"P","-",1,0,"S","W","C","U","P","T","B","C","-","-","-","-","S","N",""
"450","Anastasia Abramyan","-","-",2018-03-24,"Home","Win","-","R","-","R",1,1,"-",5,1,"P","-",2,0,"F","B","C","U","O","V","B","C","-","-","-","-","L","N",""
"451","Anastasia Abramyan","-","-",2018-03-24,"Home","Win","-","R","-","R",1,1,"-",5,1,"P","-",2,1,"F","C","C","U","O","S","B","C","-","-","-","-","M","L",""
"452","Anastasia Abramyan","-","-",2018-03-24,"Home","Win","-","R","-","R",1,1,"-",5,1,"P","-",2,2,"S","W","C","W","O","T","F","L","-","-","-","-","L","",""
"453","Anastasia Abramyan","-","-",2018-03-24,"Home","Win","-","R","-","R",1,1,"-",5,1,"P","-",2,3,"F","W","L","W","O","T","F","L","-","-","-","-","M","",""
"454","Anastasia Abramyan","-","-",2018-03-24,"Home","Win","-","R","-","R",1,1,"-",5,2,"O","-",0,0,"S","B","C","F","P","L","B","C","-","-","-","-","S","L",""
"455","Anastasia Abramyan","-","-",2018-03-24,"Home","Win","-","R","-","R",1,1,"-",5,2,"O","-",1,0,"D","","","","P","","","","-","-","-","-","","L",""
"456","Anastasia Abramyan","-","-",2018-03-24,"Home","Win","-","R","-","R",1,1,"-",5,2,"O","-",2,0,"F","B","C","U","P","T","F","C","-","-","-","-","M","L",""
"457","Anastasia Abramyan","-","-",2018-03-24,"Home","Win","-","R","-","R",1,1,"-",5,2,"O","-",3,0,"S","B","C","U","P","T","B","C","-","-","-","-","M","L",""
