,PlayerID,SeasonID,MatchID,Date,HomeAway,WinLoss,PlayerStyle,PlayerLR,OppStyle,OppLR,PlayerSets,OppSets,GameID,PlayerGames,OppGames,Server,PointID,PlayerPoints,OppPoints,ServeResult,ServeLocation,ReturnLocation,Result,PointWinner,FinalShotType,FinalForeBack,FinalCrossLine,PenumltimateShotType,PenumltimateForeBack,PenumltimateCrossLine,NetPlay,PointLength,ErrorPosition,Comments
1,Polina Malykh,-,-,1/26/2018,Home,Win,-,R,-,R,0,0,-,0,0,P,-,0,0,F,B,C,F,P,T,F,C,-,-,-,-,S,,
2,Polina Malykh,-,-,1/26/2018,Home,Win,-,R,-,R,0,0,-,0,0,P,-,2,0,S,B,C,U,O,T,F,C,-,-,-,-,S,N,
3,Polina Malykh,-,-,1/26/2018,Home,Win,-,R,-,R,0,0,-,0,0,P,-,2,1,F,B,C,F,P,T,F,C,-,-,-,-,S,L,
4,Polina Malykh,-,-,1/26/2018,Home,Win,-,R,-,R,0,0,-,0,0,P,-,3,1,F,W,C,U,P,T,F,C,-,-,-,-,S,L,
5,Polina Malykh,-,-,1/26/2018,Home,Win,-,R,-,R,0,0,-,1,0,O,-,0,1,F,W,C,F,P,T,B,C,-,-,-,-,S,,
6,Polina Malykh,-,-,1/26/2018,Home,Win,-,R,-,R,0,0,-,1,0,O,-,1,1,F,W,L,F,P,T,B,L,-,-,-,-,M,N,
7,Polina Malykh,-,-,1/26/2018,Home,Win,-,R,-,R,0,0,-,1,0,O,-,2,1,F,C,C,U,P,T,B,L,-,-,-,-,S,,
8,Polina Malykh,-,-,1/26/2018,Home,Win,-,R,-,R,0,0,-,1,0,O,-,3,1,F,W,C,U,O,T,B,C,-,-,-,-,S,N,
9,Polina Malykh,-,-,1/26/2018,Home,Win,-,R,-,R,0,0,-,1,0,O,-,3,2,F,W,C,U,P,T,F,L,-,-,-,-,S,L,
10,Polina Malykh,-,-,1/26/2018,Home,Win,-,R,-,R,0,0,-,2,0,P,-,0,0,S,W,C,U,P,T,F,C,-,-,-,-,S,N,
11,Polina Malykh,-,-,1/26/2018,Home,Win,-,R,-,R,0,0,-,2,0,P,-,1,0,F,B,C,U,P,T,F,L,-,-,-,-,S,L,
12,Polina Malykh,-,-,1/26/2018,Home,Win,-,R,-,R,0,0,-,2,0,P,-,2,0,F,B,C,U,O,T,B,C,-,-,-,-,S,N,
13,Polina Malykh,-,-,1/26/2018,Home,Win,-,R,-,R,0,0,-,2,0,P,-,2,1,F,W,C,F,P,T,F,C,-,-,-,-,S,N,
14,Polina Malykh,-,-,1/26/2018,Home,Win,-,R,-,R,0,0,-,2,0,P,-,3,1,S,W,C,U,O,T,F,C,-,-,-,-,S,N,
15,Polina Malykh,-,-,1/26/2018,Home,Win,-,R,-,R,0,0,-,2,0,P,-,3,2,F,B,C,F,P,T,B,C,-,-,-,-,S,L,
16,Polina Malykh,-,-,1/26/2018,Home,Win,-,R,-,R,0,0,-,3,0,O,-,0,0,D,,,D,P,,,,-,-,-,-,,,
17,Polina Malykh,-,-,1/26/2018,Home,Win,-,R,-,R,0,0,-,3,0,O,-,1,0,F,C,L,U,O,T,B,L,-,-,-,-,S,N,
18,Polina Malykh,-,-,1/26/2018,Home,Win,-,R,-,R,0,0,-,3,0,O,-,2,1,F,W,C,U,P,T,B,C,-,-,-,-,S,L,
19,Polina Malykh,-,-,1/26/2018,Home,Win,-,R,-,R,0,0,-,3,0,O,-,3,1,S,B,L,W,P,T,B,L,-,-,-,-,S,,
20,Polina Malykh,-,-,1/26/2018,Home,Win,-,R,-,R,0,0,-,4,0,P,-,0,1,F,W,L,W,P,T,B,L,-,-,-,-,S,,
21,Polina Malykh,-,-,1/26/2018,Home,Win,-,R,-,R,0,0,-,4,0,P,-,1,1,F,C,L,W,P,T,B,C,-,-,-,-,S,,
22,Polina Malykh,-,-,1/26/2018,Home,Win,-,R,-,R,0,0,-,4,0,P,-,2,1,F,W,C,W,P,T,B,C,-,-,-,-,S,,
23,Polina Malykh,-,-,1/26/2018,Home,Win,-,R,-,R,0,0,-,4,0,P,-,3,1,F,W,C,F,P,T,B,C,-,-,-,-,S,N,
24,Polina Malykh,-,-,1/26/2018,Home,Win,-,R,-,R,0,0,-,5,0,O,-,0,0,F,B,C,W,P,V,B,C,-,-,-,-,S,,
25,Polina Malykh,-,-,1/26/2018,Home,Win,-,R,-,R,0,0,-,5,0,O,-,1,0,F,B,C,W,P,T,F,C,-,-,-,-,S,,
26,Polina Malykh,-,-,1/26/2018,Home,Win,-,R,-,R,0,0,-,5,0,O,-,2,0,F,C,L,U,O,T,F,L,-,-,-,-,S,N,
27,Polina Malykh,-,-,1/26/2018,Home,Win,-,R,-,R,0,0,-,5,0,O,-,2,2,F,B,C,U,O,T,F,C,-,-,-,-,S,N,
28,Polina Malykh,-,-,1/26/2018,Home,Win,-,R,-,R,0,0,-,5,0,O,-,2,3,F,W,L,W,O,S,B,L,-,-,-,-,M,,
29,Polina Malykh,-,-,1/26/2018,Home,Win,-,R,-,R,0,0,-,5,1,P,-,0,0,F,C,L,U,P,V,B,L,-,-,-,-,S,N,
30,Polina Malykh,-,-,1/26/2018,Home,Win,-,R,-,R,0,0,-,5,1,P,-,1,0,S,B,C,F,P,T,B,C,-,-,-,-,S,N,
31,Polina Malykh,-,-,1/26/2018,Home,Win,-,R,-,R,0,0,-,5,1,P,-,2,2,S,B,C,U,O,T,B,C,-,-,-,-,M,L,
32,Polina Malykh,-,-,1/26/2018,Home,Win,-,R,-,R,0,0,-,5,1,P,-,2,3,S,C,C,W,P,T,B,C,-,-,-,-,M,,
33,Polina Malykh,-,-,1/26/2018,Home,Win,-,R,-,R,0,0,-,5,1,P,-,3,3,F,B,L,U,O,T,F,L,-,-,-,-,S,W,
34,Polina Malykh,-,-,1/26/2018,Home,Win,-,R,-,R,0,0,-,5,2,O,-,0,0,F,W,C,U,P,T,F,C,-,-,-,-,S,N,
35,Polina Malykh,-,-,1/26/2018,Home,Win,-,R,-,R,0,0,-,5,2,O,-,1,0,F,W,C,F,P,T,F,L,-,-,-,-,M,N,
36,Polina Malykh,-,-,1/26/2018,Home,Win,-,R,-,R,0,0,-,5,2,O,-,2,0,S,W,L,U,P,T,F,C,-,-,-,-,S,W,
37,Polina Malykh,-,-,1/26/2018,Home,Win,-,R,-,R,0,0,-,5,2,O,-,3,0,F,W,C,U,O,T,F,C,-,-,-,-,M,W,
38,Polina Malykh,-,-,1/26/2018,Home,Win,-,R,-,R,0,0,-,5,2,O,-,3,1,F,W,C,U,O,T,F,C,-,-,-,-,S,L,
39,Polina Malykh,-,-,1/26/2018,Home,Win,-,R,-,R,0,0,-,5,2,O,-,3,2,F,C,L,W,P,T,F,C,-,-,-,-,S,,
40,Polina Malykh,-,-,1/26/2018,Home,Win,-,R,-,R,1,0,-,0,0,P,-,1,0,D,,,D,O,,,,-,-,-,-,,,
41,Polina Malykh,-,-,1/26/2018,Home,Win,-,R,-,R,1,0,-,0,0,P,-,1,1,F,W,C,F,P,T,F,L,-,-,-,-,S,N,
42,Polina Malykh,-,-,1/26/2018,Home,Win,-,R,-,R,1,0,-,0,0,P,-,2,1,F,C,,A,P,,,,-,-,-,-,,,
43,Polina Malykh,-,-,1/26/2018,Home,Win,-,R,-,R,1,0,-,0,0,P,-,3,1,S,W,C,U,P,T,F,C,-,-,-,-,S,N,
44,Polina Malykh,-,-,1/26/2018,Home,Win,-,R,-,R,1,0,-,1,0,O,-,0,0,F,W,L,W,P,T,F,C,-,-,-,-,S,,
45,Polina Malykh,-,-,1/26/2018,Home,Win,-,R,-,R,1,0,-,1,0,O,-,1,0,S,W,C,W,P,T,F,C,-,-,-,-,S,,
46,Polina Malykh,-,-,1/26/2018,Home,Win,-,R,-,R,1,0,-,1,0,O,-,2,0,S,W,L,U,O,T,F,L,-,-,-,-,S,N,
47,Polina Malykh,-,-,1/26/2018,Home,Win,-,R,-,R,1,0,-,1,0,O,-,2,1,F,W,C,U,P,T,B,L,-,-,-,-,S,N,
48,Polina Malykh,-,-,1/26/2018,Home,Win,-,R,-,R,1,0,-,1,0,O,-,3,1,F,W,C,F,O,T,F,C,-,-,-,-,S,W,
49,Polina Malykh,-,-,1/26/2018,Home,Win,-,R,-,R,1,0,-,1,0,O,-,3,2,F,W,C,W,P,T,B,C,-,-,-,-,S,,
50,Polina Malykh,-,-,1/26/2018,Home,Win,-,R,-,R,1,0,-,2,0,P,-,0,0,F,C,,A,P,,,,-,-,-,-,,,
51,Polina Malykh,-,-,1/26/2018,Home,Win,-,R,-,R,1,0,-,2,0,P,-,1,0,S,B,L,U,O,T,B,L,-,-,-,-,S,L,
52,Polina Malykh,-,-,1/26/2018,Home,Win,-,R,-,R,1,0,-,2,0,P,-,1,1,S,W,C,W,P,O,F,L,-,-,-,-,M,,
53,Polina Malykh,-,-,1/26/2018,Home,Win,-,R,-,R,1,0,-,2,0,P,-,2,1,F,C,,A,P,,,,-,-,-,-,,,
54,Polina Malykh,-,-,1/26/2018,Home,Win,-,R,-,R,1,0,-,2,0,P,-,3,1,S,W,,A,P,,,,-,-,-,-,,,
55,Polina Malykh,-,-,1/26/2018,Home,Win,-,R,-,R,1,0,-,3,0,O,-,0,0,F,W,C,U,O,T,F,C,-,-,-,-,S,N,
56,Polina Malykh,-,-,1/26/2018,Home,Win,-,R,-,R,1,0,-,3,0,O,-,0,1,F,C,C,U,P,T,F,L,-,-,-,-,S,L,
57,Polina Malykh,-,-,1/26/2018,Home,Win,-,R,-,R,1,0,-,3,0,O,-,1,1,F,W,C,U,O,T,F,C,-,-,-,-,S,N,
58,Polina Malykh,-,-,1/26/2018,Home,Win,-,R,-,R,1,0,-,3,0,O,-,1,2,F,C,C,F,P,T,F,C,-,-,-,-,S,N,
59,Polina Malykh,-,-,1/26/2018,Home,Win,-,R,-,R,1,0,-,3,0,O,-,2,2,S,C,C,W,P,V,F,L,-,-,-,-,S,,
60,Polina Malykh,-,-,1/26/2018,Home,Win,-,R,-,R,1,0,-,3,0,O,-,3,2,F,C,C,U,O,T,F,C,-,-,-,-,S,N,
61,Polina Malykh,-,-,1/26/2018,Home,Win,-,R,-,R,1,0,-,3,0,O,-,3,3,,,,,O,,,,-,-,-,-,,,
62,Polina Malykh,-,-,1/26/2018,Home,Win,-,R,-,R,1,0,-,3,1,P,-,0,0,S,W,C,F,P,T,F,C,-,-,-,-,S,W,
63,Polina Malykh,-,-,1/26/2018,Home,Win,-,R,-,R,1,0,-,3,1,P,-,1,0,D,,,D,O,,,,-,-,-,-,,,
64,Polina Malykh,-,-,1/26/2018,Home,Win,-,R,-,R,1,0,-,3,1,P,-,1,1,S,W,C,U,P,T,B,C,-,-,-,-,M,W,
65,Polina Malykh,-,-,1/26/2018,Home,Win,-,R,-,R,1,0,-,3,1,P,-,2,1,F,C,,A,P,,,,-,-,-,-,,,
66,Polina Malykh,-,-,1/26/2018,Home,Win,-,R,-,R,1,0,-,3,1,P,-,3,1,F,W,,A,P,,,,-,-,-,-,,,
67,Polina Malykh,-,-,1/26/2018,Home,Win,-,R,-,R,1,0,-,4,1,O,-,0,0,S,C,L,U,O,T,F,L,-,-,-,-,S,N,
68,Polina Malykh,-,-,1/26/2018,Home,Win,-,R,-,R,1,0,-,4,1,O,-,0,1,S,B,C,U,O,T,F,C,-,-,-,-,M,W,
69,Polina Malykh,-,-,1/26/2018,Home,Win,-,R,-,R,1,0,-,4,1,O,-,0,2,F,C,C,U,O,T,F,C,-,-,-,-,S,W,
70,Polina Malykh,-,-,1/26/2018,Home,Win,-,R,-,R,1,0,-,4,1,O,-,0,3,S,B,C,W,P,T,F,L,-,-,-,-,S,,
71,Polina Malykh,-,-,1/26/2018,Home,Win,-,R,-,R,1,0,-,4,1,O,-,1,3,F,B,L,W,O,T,F,,-,-,-,-,,,
72,Polina Malykh,-,-,1/26/2018,Home,Win,-,R,-,R,1,0,-,4,2,P,-,0,0,S,W,C,W,O,T,B,L,-,-,-,-,S,,
73,Polina Malykh,-,-,1/26/2018,Home,Win,-,R,-,R,1,0,-,4,2,P,-,0,1,S,B,C,W,O,T,B,L,-,-,-,-,S,,
74,Polina Malykh,-,-,1/26/2018,Home,Win,-,R,-,R,1,0,-,4,2,P,-,0,2,S,B,C,U,O,O,F,L,-,-,-,-,S,N,
75,Polina Malykh,-,-,1/26/2018,Home,Win,-,R,-,R,1,0,-,4,2,P,-,0,3,F,B,C,W,P,O,F,L,-,-,-,-,S,,
76,Polina Malykh,-,-,1/26/2018,Home,Win,-,R,-,R,1,0,-,4,2,P,-,1,3,S,B,C,U,P,L,F,L,-,-,-,-,M,L,
77,Polina Malykh,-,-,1/26/2018,Home,Win,-,R,-,R,1,0,-,4,2,P,-,2,3,F,B,C,U,O,T,F,C,-,-,-,-,S,N,
78,Polina Malykh,-,-,1/26/2018,Home,Win,-,R,-,R,1,0,-,4,3,O,-,0,0,F,W,L,U,P,T,B,C,-,-,-,-,S,W,
79,Polina Malykh,-,-,1/26/2018,Home,Win,-,R,-,R,1,0,-,4,3,O,-,1,0,F,B,L,U,O,T,,,-,-,-,-,,,
80,Polina Malykh,-,-,1/26/2018,Home,Win,-,R,-,R,1,0,-,4,3,O,-,1,1,S,C,L,U,P,T,F,L,-,-,-,-,S,L,
81,Polina Malykh,-,-,1/26/2018,Home,Win,-,R,-,R,1,0,-,4,3,O,-,2,1,F,C,L,W,O,V,F,L,-,-,-,-,S,,
82,Polina Malykh,-,-,1/26/2018,Home,Win,-,R,-,R,1,0,-,4,3,O,-,2,2,S,C,C,U,O,T,F,C,-,-,-,-,S,N,
83,Polina Malykh,-,-,1/26/2018,Home,Win,-,R,-,R,1,0,-,4,3,O,-,2,3,D,,,D,P,,,,-,-,-,-,,,
84,Polina Malykh,-,-,1/26/2018,Home,Win,-,R,-,R,1,0,-,4,3,O,-,3,3,F,C,L,U,P,T,F,C,-,-,-,-,M,N,
85,Polina Malykh,-,-,1/26/2018,Home,Win,-,R,-,R,1,0,-,5,3,P,-,0,0,S,B,C,U,O,T,F,C,-,-,-,-,S,N,
86,Polina Malykh,-,-,1/26/2018,Home,Win,-,R,-,R,1,0,-,5,3,P,-,0,1,S,C,C,U,P,T,B,C,-,-,-,-,S,N,
87,Polina Malykh,-,-,1/26/2018,Home,Win,-,R,-,R,1,0,-,5,3,P,-,1,1,F,B,C,W,P,T,B,C,-,-,-,-,S,,
88,Polina Malykh,-,-,1/26/2018,Home,Win,-,R,-,R,1,0,-,5,3,P,-,2,1,S,B,L,F,P,T,F,L,-,-,-,-,S,L,
89,Polina Malykh,-,-,1/26/2018,Home,Win,-,R,-,R,1,0,-,5,3,P,-,3,1,S,W,C,U,O,T,F,C,-,-,-,-,S,N,
90,Polina Malykh,-,-,1/26/2018,Home,Win,-,R,-,R,1,0,-,5,3,P,-,3,2,S,C,C,U,P,T,B,C,-,-,-,-,S,W,
91,Polina Malykh,-,-,2/16/2018,Home,Win,-,R,-,R,0,0,-,0,0,o,-,0,0,S,B,C,W,P,T,F,C,-,-,-,-,S,,
92,Polina Malykh,-,-,2/16/2018,Home,Win,-,R,-,R,0,0,-,0,0,o,-,1,0,S,B,L,W,P,T,F,C,-,-,-,-,S,,
93,Polina Malykh,-,-,2/16/2018,Home,Win,-,R,-,R,0,0,-,0,0,o,-,2,0,S,C,C,F,O,T,F,C,-,-,-,-,S,N,
94,Polina Malykh,-,-,2/16/2018,Home,Win,-,R,-,R,0,0,-,0,0,o,-,2,1,F,C,C,W,O,T,F,C,-,-,-,-,S,,
95,Polina Malykh,-,-,2/16/2018,Home,Win,-,R,-,R,0,0,-,0,0,o,-,2,2,F,W,L,F,O,S,F,C,-,-,-,-,S,N,
96,Polina Malykh,-,-,2/16/2018,Home,Win,-,R,-,R,0,0,-,0,0,o,-,2,3,S,B,C,U,P,T,F,C,-,-,-,-,M,W,
97,Polina Malykh,-,-,2/16/2018,Home,Win,-,R,-,R,0,0,-,0,0,o,-,3,3,S,B,C,W,P,S,F,L,-,-,-,-,S,,
98,Polina Malykh,-,-,2/16/2018,Home,Win,-,R,-,R,0,0,-,1,0,P,-,0,0,D,,,D,O,,,,-,-,-,-,,,
99,Polina Malykh,-,-,2/16/2018,Home,Win,-,R,-,R,0,0,-,1,0,P,-,0,1,D,,,D,O,,,,-,-,-,-,,,
100,Polina Malykh,-,-,2/16/2018,Home,Win,-,R,-,R,0,0,-,1,0,P,-,0,2,F,W,C,F,P,S,B,L,-,-,-,-,M,N,
101,Polina Malykh,-,-,2/16/2018,Home,Win,-,R,-,R,0,0,-,1,0,P,-,1,2,F,C,L,U,O,T,F,L,-,-,-,-,M,L,
102,Polina Malykh,-,-,2/16/2018,Home,Win,-,R,-,R,0,0,-,1,0,P,-,1,3,S,B,C,U,O,T,F,C,-,-,-,-,S,L,
103,Polina Malykh,-,-,2/16/2018,Home,Win,-,R,-,R,0,0,-,1,1,O,-,0,0,F,W,N,W,O,T,F,L,-,-,-,-,S,N,
104,Polina Malykh,-,-,2/16/2018,Home,Win,-,R,-,R,0,0,-,1,1,O,-,0,1,S,W,C,U,P,T,F,L,-,-,-,-,S,N,
105,Polina Malykh,-,-,2/16/2018,Home,Win,-,R,-,R,0,0,-,1,1,O,-,1,1,F,B,L,W,O,T,B,C,-,-,-,-,S,,
106,Polina Malykh,-,-,2/16/2018,Home,Win,-,R,-,R,0,0,-,1,1,O,-,1,2,F,B,C,W,P,T,F,C,-,-,-,-,M,,
107,Polina Malykh,-,-,2/16/2018,Home,Win,-,R,-,R,0,0,-,1,1,O,-,2,2,F,B,C,W,P,T,F,C,-,-,-,-,M,,
108,Polina Malykh,-,-,2/16/2018,Home,Win,-,R,-,R,0,0,-,1,1,O,-,3,2,F,B,C,U,O,T,F,L,-,-,-,-,S,N,
109,Polina Malykh,-,-,2/16/2018,Home,Win,-,R,-,R,0,0,-,1,1,O,-,3,3,S,B,L,F,O,T,F,C,-,-,-,-,S,L,
110,Polina Malykh,-,-,2/16/2018,Home,Win,-,R,-,R,0,0,-,1,2,P,-,0,0,F,B,C,F,O,T,B,L,-,-,-,-,S,L,
111,Polina Malykh,-,-,2/16/2018,Home,Win,-,R,-,R,0,0,-,1,2,P,-,0,1,D,,,D,O,,,,-,-,-,-,,,
112,Polina Malykh,-,-,2/16/2018,Home,Win,-,R,-,R,0,0,-,1,2,P,-,0,2,S,B,L,U,P,O,F,C,-,-,-,-,M,L,
113,Polina Malykh,-,-,2/16/2018,Home,Win,-,R,-,R,0,0,-,1,2,P,-,1,2,F,B,C,U,O,T,B,C,-,-,-,-,S,W,
114,Polina Malykh,-,-,2/16/2018,Home,Win,-,R,-,R,0,0,-,1,2,P,-,1,3,F,B,C,U,O,T,F,C,-,-,-,-,S,W,
115,Polina Malykh,-,-,2/16/2018,Home,Win,-,R,-,R,0,0,-,1,3,O,-,0,0,D,,,D,P,,,,-,-,-,-,,,
116,Polina Malykh,-,-,2/16/2018,Home,Win,-,R,-,R,0,0,-,1,3,O,-,1,0,F,B,C,W,P,S,F,C,-,-,-,-,S,,
117,Polina Malykh,-,-,2/16/2018,Home,Win,-,R,-,R,0,0,-,1,3,O,-,2,0,S,C,C,U,P,T,B,C,-,-,-,-,S,L,
118,Polina Malykh,-,-,2/16/2018,Home,Win,-,R,-,R,0,0,-,1,3,O,-,3,0,F,C,L,F,O,T,B,L,-,-,-,-,M,L,
119,Polina Malykh,-,-,2/16/2018,Home,Win,-,R,-,R,0,0,-,1,3,O,-,3,1,F,B,C,F,P,S,B,C,-,-,-,-,M,L,
120,Polina Malykh,-,-,2/16/2018,Home,Win,-,R,-,R,0,0,-,2,3,P,-,0,0,F,W,L,U,O,T,F,C,-,-,-,-,M,N,
121,Polina Malykh,-,-,2/16/2018,Home,Win,-,R,-,R,0,0,-,2,3,P,-,0,1,S,B,L,U,O,T,F,C,-,-,-,-,S,N,
122,Polina Malykh,-,-,2/16/2018,Home,Win,-,R,-,R,0,0,-,2,3,P,-,0,2,S,B,L,U,P,T,F,C,-,-,-,-,M,L,
123,Polina Malykh,-,-,2/16/2018,Home,Win,-,R,-,R,0,0,-,2,3,P,-,1,2,F,B,L,F,P,S,F,C,-,-,-,-,S,N,
124,Polina Malykh,-,-,2/16/2018,Home,Win,-,R,-,R,0,0,-,2,3,P,-,2,2,F,C,C,W,P,T,F,C,-,-,-,-,S,,
125,Polina Malykh,-,-,2/16/2018,Home,Win,-,R,-,R,0,0,-,2,3,P,-,3,2,F,B,C,W,P,T,B,L,-,-,-,-,S,,
126,Polina Malykh,-,-,2/16/2018,Home,Win,-,R,-,R,0,0,-,3,3,O,-,0,0,F,C,L,W,P,T,B,C,-,-,-,-,S,,
127,Polina Malykh,-,-,2/16/2018,Home,Win,-,R,-,R,0,0,-,3,3,O,-,1,0,S,C,L,F,P,T,F,C,-,-,-,-,M,N,
128,Polina Malykh,-,-,2/16/2018,Home,Win,-,R,-,R,0,0,-,3,3,O,-,2,0,F,B,C,W,P,T,B,L,-,-,-,-,S,,
129,Polina Malykh,-,-,2/16/2018,Home,Win,-,R,-,R,0,0,-,3,3,O,-,3,0,F,B,L,F,P,S,B,C,-,-,-,-,M,N,
130,Polina Malykh,-,-,2/16/2018,Home,Win,-,R,-,R,0,0,-,4,3,P,-,0,0,F,W,,A,P,,,,-,-,-,-,,,
131,Polina Malykh,-,-,2/16/2018,Home,Win,-,R,-,R,0,0,-,4,3,P,-,1,0,S,B,L,U,O,T,F,L,-,-,-,-,S,N,
132,Polina Malykh,-,-,2/16/2018,Home,Win,-,R,-,R,0,0,-,4,3,P,-,1,1,F,B,C,U,P,T,F,L,-,-,-,-,S,L,
133,Polina Malykh,-,-,2/16/2018,Home,Win,-,R,-,R,0,0,-,4,3,P,-,2,1,F,B,C,W,P,T,B,C,-,-,-,-,S,,
134,Polina Malykh,-,-,2/16/2018,Home,Win,-,R,-,R,0,0,-,4,3,P,-,3,1,S,B,C,W,P,S,B,L,-,-,-,-,S,,
135,Polina Malykh,-,-,2/16/2018,Home,Win,-,R,-,R,0,0,-,5,3,O,-,0,0,S,B,N,W,O,,,,-,-,-,-,,,
136,Polina Malykh,-,-,2/16/2018,Home,Win,-,R,-,R,0,0,-,5,3,O,-,0,1,S,B,L,W,P,T,B,L,-,-,-,-,S,,
137,Polina Malykh,-,-,2/16/2018,Home,Win,-,R,-,R,0,0,-,5,3,O,-,1,1,S,B,C,U,O,T,F,L,-,-,-,-,M,N,
138,Polina Malykh,-,-,2/16/2018,Home,Win,-,R,-,R,0,0,-,5,3,O,-,1,2,S,C,L,W,O,S,F,C,-,-,-,-,S,,
139,Polina Malykh,-,-,2/16/2018,Home,Win,-,R,-,R,0,0,-,5,3,O,-,1,3,S,B,L,U,O,T,F,C,-,-,-,-,S,N,
140,Polina Malykh,-,-,2/16/2018,Home,Win,-,R,-,R,0,0,-,5,4,P,-,0,0,F,C,L,W,P,T,F,L,-,-,-,-,S,,
141,Polina Malykh,-,-,2/16/2018,Home,Win,-,R,-,R,0,0,-,5,4,P,-,1,0,D,,,D,O,,,,-,-,-,-,,,
142,Polina Malykh,-,-,2/16/2018,Home,Win,-,R,-,R,0,0,-,5,4,P,-,1,1,F,C,L,W,O,S,F,C,-,-,-,-,S,,
143,Polina Malykh,-,-,2/16/2018,Home,Win,-,R,-,R,0,0,-,5,4,P,-,1,2,S,B,L,U,O,T,B,L,-,-,-,-,S,N,
144,Polina Malykh,-,-,2/16/2018,Home,Win,-,R,-,R,0,0,-,5,4,P,-,1,3,S,C,L,U,O,T,F,C,-,-,-,-,S,L,
145,Polina Malykh,-,-,2/16/2018,Home,Win,-,R,-,R,0,0,-,5,5,O,-,0,0,F,C,L,W,O,O,F,C,-,-,-,-,S,,
146,Polina Malykh,-,-,2/16/2018,Home,Win,-,R,-,R,0,0,-,5,5,O,-,0,1,F,B,C,U,O,T,F,C,-,-,-,-,S,N,
147,Polina Malykh,-,-,2/16/2018,Home,Win,-,R,-,R,0,0,-,5,5,O,-,0,2,D,,,D,P,,,,-,-,-,-,,,
148,Polina Malykh,-,-,2/16/2018,Home,Win,-,R,-,R,0,0,-,5,5,O,-,1,2,F,C,C,U,O,T,F,C,-,-,-,-,S,L,
149,Polina Malykh,-,-,2/16/2018,Home,Win,-,R,-,R,0,0,-,5,5,O,-,1,3,F,W,C,U,P,T,F,L,-,-,-,-,S,N,
150,Polina Malykh,-,-,2/16/2018,Home,Win,-,R,-,R,0,0,-,6,5,P,-,0,0,D,,,D,O,,,,-,-,-,-,,,
151,Polina Malykh,-,-,2/16/2018,Home,Win,-,R,-,R,0,0,-,6,5,P,-,0,1,S,B,L,W,O,T,F,C,-,-,-,-,S,,
152,Polina Malykh,-,-,2/16/2018,Home,Win,-,R,-,R,0,0,-,6,5,P,-,0,2,F,C,L,W,O,S,B,L,-,-,-,-,S,,
153,Polina Malykh,-,-,2/16/2018,Home,Win,-,R,-,R,0,0,-,6,5,P,-,0,3,F,C,L,W,P,T,B,C,-,-,-,-,L,,
154,Polina Malykh,-,-,2/16/2018,Home,Win,-,R,-,R,0,0,-,6,5,P,-,1,3,F,C,C,,P,T,B,L,-,-,-,-,S,,
155,Polina Malykh,-,-,2/16/2018,Home,Win,-,R,-,R,0,0,-,6,5,P,-,2,3,F,C,L,U,P,S,B,L,-,-,-,-,S,N,
156,Polina Malykh,-,-,2/16/2018,Home,Win,-,R,-,R,0,0,-,6,5,P,-,3,3,F,C,L,W,O,T,F,C,-,-,-,-,M,,
157,Polina Malykh,-,-,2/16/2018,Home,Win,-,R,-,R,0,1,-,6,6,O,-,0,0,F,W,C,U,P,T,B,L,-,-,-,-,S,N,
158,Polina Malykh,-,-,2/16/2018,Home,Win,-,R,-,R,0,1,-,6,6,O,-,1,0,F,C,L,W,P,O,F,C,-,-,-,-,S,,
159,Polina Malykh,-,-,2/16/2018,Home,Win,-,R,-,R,0,1,-,6,6,O,-,2,0,F,B,L,W,P,T,F,C,-,-,-,-,S,,
160,Polina Malykh,-,-,2/16/2018,Home,Win,-,R,-,R,0,1,-,6,6,O,-,3,0,S,B,C,U,P,T,F,C,-,-,-,-,M,L,
161,Polina Malykh,-,-,2/16/2018,Home,Win,-,R,-,R,0,1,-,6,6,O,-,0,0,S,B,C,W,O,T,F,L,-,-,-,-,S,,
162,Polina Malykh,-,-,2/16/2018,Home,Win,-,R,-,R,0,1,-,6,6,P,-,0,2,F,B,C,W,P,T,F,C,-,-,-,-,S,,
163,Polina Malykh,-,-,2/16/2018,Home,Win,-,R,-,R,0,1,-,6,6,P,-,1,2,F,B,L,W,P,T,B,C,-,-,-,-,S,,
164,Polina Malykh,-,-,2/16/2018,Home,Win,-,R,-,R,0,1,-,6,6,P,-,2,2,F,C,L,W,P,S,F,C,-,-,-,-,S,,
165,Polina Malykh,-,-,2/16/2018,Home,Win,-,R,-,R,0,1,-,6,6,P,-,3,2,S,B,L,F,P,S,B,C,-,-,-,-,M,L,
166,Polina Malykh,-,-,2/16/2018,Home,Win,-,R,-,R,0,1,-,0,0,P,-,0,0,S,B,L,U,P,S,B,L,-,-,-,-,S,N,
167,Polina Malykh,-,-,2/16/2018,Home,Win,-,R,-,R,0,1,-,0,0,P,-,1,0,F,B,L,W,O,T,F,L,-,-,-,-,S,,
168,Polina Malykh,-,-,2/16/2018,Home,Win,-,R,-,R,0,1,-,0,0,P,-,1,1,F,C,L,W,O,S,F,L,-,-,-,-,M,,
169,Polina Malykh,-,-,2/16/2018,Home,Win,-,R,-,R,0,1,-,0,0,P,-,1,2,F,C,N,W,P,,,,-,-,-,-,,,
170,Polina Malykh,-,-,2/16/2018,Home,Win,-,R,-,R,0,1,-,0,0,P,-,2,2,F,B,C,F,P,S,F,C,-,-,-,-,S,N,
171,Polina Malykh,-,-,2/16/2018,Home,Win,-,R,-,R,0,1,-,0,0,P,-,3,2,F,C,L,W,P,T,F,L,-,-,-,-,S,,
172,Polina Malykh,-,-,2/16/2018,Home,Win,-,R,-,R,0,1,-,1,0,O,-,0,0,F,B,C,W,O,S,F,C,-,-,-,-,S,,
173,Polina Malykh,-,-,2/16/2018,Home,Win,-,R,-,R,0,1,-,1,0,O,-,0,1,F,B,C,W,O,S,B,C,-,-,-,-,S,,
174,Polina Malykh,-,-,2/16/2018,Home,Win,-,R,-,R,0,1,-,1,0,O,-,0,2,F,,,A,O,,,,-,-,-,-,,,
175,Polina Malykh,-,-,2/16/2018,Home,Win,-,R,-,R,0,1,-,1,0,O,-,0,3,F,B,C,W,O,T,F,C,-,-,-,-,S,,
176,Polina Malykh,-,-,2/16/2018,Home,Win,-,R,-,R,0,1,-,1,1,P,-,0,0,F,,,A,P,,,,-,-,-,-,,,
177,Polina Malykh,-,-,2/16/2018,Home,Win,-,R,-,R,0,1,-,1,1,P,-,1,0,F,B,C,W,P,T,F,C,-,-,-,-,S,,
178,Polina Malykh,-,-,2/16/2018,Home,Win,-,R,-,R,0,1,-,1,1,P,-,2,0,F,C,L,U,O,S,F,C,-,-,-,-,S,N,
179,Polina Malykh,-,-,2/16/2018,Home,Win,-,R,-,R,0,1,-,1,1,P,-,2,1,S,C,C,U,O,T,B,L,-,-,-,-,M,N,
180,Polina Malykh,-,-,2/16/2018,Home,Win,-,R,-,R,0,1,-,1,1,P,-,2,2,F,C,L,F,O,S,F,C,-,-,-,-,M,N,
181,Polina Malykh,-,-,2/16/2018,Home,Win,-,R,-,R,0,1,-,1,1,P,-,2,3,F,W,C,F,P,T,B,C,-,-,-,-,S,W,
182,Polina Malykh,-,-,2/16/2018,Home,Win,-,R,-,R,0,1,-,1,1,P,-,3,3,F,C,L,W,P,T,F,C,-,-,-,-,S,,
183,Polina Malykh,-,-,2/16/2018,Home,Win,-,R,-,R,0,1,-,2,1,O,-,0,0,S,B,C,U,O,T,F,C,-,-,-,-,S,N,
184,Polina Malykh,-,-,2/16/2018,Home,Win,-,R,-,R,0,1,-,2,1,O,-,0,1,S,B,C,W,O,O,F,C,-,-,-,-,S,,
185,Polina Malykh,-,-,2/16/2018,Home,Win,-,R,-,R,0,1,-,2,1,O,-,0,2,S,B,N,W,O,,,,-,-,-,-,,,
186,Polina Malykh,-,-,2/16/2018,Home,Win,-,R,-,R,0,1,-,2,1,O,-,0,3,S,B,C,W,P,T,F,C,-,-,-,-,S,,
187,Polina Malykh,-,-,2/16/2018,Home,Win,-,R,-,R,0,1,-,2,1,P,-,1,3,F,C,C,W,P,T,F,C,-,-,-,-,S,,
188,Polina Malykh,-,-,2/16/2018,Home,Win,-,R,-,R,0,1,-,2,1,P,-,0,0,F,C,N,W,P,,,,-,-,-,-,,,
189,Polina Malykh,-,-,2/16/2018,Home,Win,-,R,-,R,0,1,-,2,1,P,-,1,0,S,C,C,W,O,T,F,C,-,-,-,-,S,,
190,Polina Malykh,-,-,2/16/2018,Home,Win,-,R,-,R,0,1,-,2,1,P,-,1,1,F,C,C,F,O,S,F,C,-,-,-,-,S,L,
191,Polina Malykh,-,-,2/16/2018,Home,Win,-,R,-,R,0,1,-,2,1,P,-,1,2,S,C,L,W,P,T,F,C,-,-,-,-,L,,
192,Polina Malykh,-,-,2/16/2018,Home,Win,-,R,-,R,0,1,-,2,1,P,-,2,2,S,B,C,W,P,T,F,C,-,-,-,-,S,,
193,Polina Malykh,-,-,2/16/2018,Home,Win,-,R,-,R,0,1,-,2,1,P,-,3,2,F,,,A,P,,,,-,-,-,-,,,
194,Polina Malykh,-,-,2/16/2018,Home,Win,-,R,-,R,0,1,-,3,2,O,-,0,0,S,B,C,F,O,T,F,C,-,-,-,-,M,N,
195,Polina Malykh,-,-,2/16/2018,Home,Win,-,R,-,R,0,1,-,3,2,O,-,0,1,F,B,C,W,P,T,F,C,-,-,-,-,S,,
196,Polina Malykh,-,-,2/16/2018,Home,Win,-,R,-,R,0,1,-,3,2,O,-,1,1,F,C,L,W,P,T,F,C,-,-,-,-,S,,
197,Polina Malykh,-,-,2/16/2018,Home,Win,-,R,-,R,0,1,-,3,2,O,-,2,1,F,C,C,U,O,T,B,C,-,-,-,-,S,N,
198,Polina Malykh,-,-,2/16/2018,Home,Win,-,R,-,R,0,1,-,3,2,O,-,2,2,S,B,C,F,O,T,F,C,-,-,-,-,S,N,
199,Polina Malykh,-,-,2/16/2018,Home,Win,-,R,-,R,0,1,-,3,2,O,-,2,3,D,,,D,P,,,,-,-,-,-,,,
200,Polina Malykh,-,-,2/16/2018,Home,Win,-,R,-,R,0,1,-,3,2,O,-,3,3,S,B,C,F,P,T,F,C,-,-,-,-,M,N,
201,Polina Malykh,-,-,2/16/2018,Home,Win,-,R,-,R,0,1,-,4,2,P,-,0,0,S,C,L,W,P,T,B,L,-,-,-,-,S,,
202,Polina Malykh,-,-,2/16/2018,Home,Win,-,R,-,R,0,1,-,4,2,P,-,1,0,F,W,C,W,O,O,F,C,-,-,-,-,S,,
203,Polina Malykh,-,-,2/16/2018,Home,Win,-,R,-,R,0,1,-,4,2,P,-,1,1,S,W,C,W,O,T,B,L,-,-,-,-,S,,
204,Polina Malykh,-,-,2/16/2018,Home,Win,-,R,-,R,0,1,-,4,2,P,-,1,2,F,C,C,F,O,T,B,L,-,-,-,-,S,W,
205,Polina Malykh,-,-,2/16/2018,Home,Win,-,R,-,R,0,1,-,4,2,P,-,1,3,F,C,C,W,P,S,F,C,-,-,-,-,S,,
206,Polina Malykh,-,-,2/16/2018,Home,Win,-,R,-,R,0,1,-,4,2,P,-,2,3,F,C,L,U,O,T,F,C,-,-,-,-,M,N,
207,Polina Malykh,-,-,2/16/2018,Home,Win,-,R,-,R,0,1,-,4,3,O,-,0,0,F,,,A,O,,,,-,-,-,-,,,
208,Polina Malykh,-,-,2/16/2018,Home,Win,-,R,-,R,0,1,-,4,3,O,-,0,1,F,C,L,W,P,T,F,C,-,-,-,-,S,,
209,Polina Malykh,-,-,2/16/2018,Home,Win,-,R,-,R,0,1,-,4,3,O,-,1,1,F,C,L,F,O,S,B,C,-,-,-,-,S,N,
210,Polina Malykh,-,-,2/16/2018,Home,Win,-,R,-,R,0,1,-,4,3,O,-,1,2,F,C,L,W,P,T,F,L,-,-,-,-,S,,
211,Polina Malykh,-,-,2/16/2018,Home,Win,-,R,-,R,0,1,-,4,3,O,-,2,2,F,C,N,W,O,T,B,C,-,-,-,-,S,,
212,Polina Malykh,-,-,2/16/2018,Home,Win,-,R,-,R,0,1,-,4,3,O,-,2,3,F,C,L,U,P,T,F,C,-,-,-,-,S,N,
213,Polina Malykh,-,-,2/16/2018,Home,Win,-,R,-,R,0,1,-,4,3,O,-,3,3,F,C,C,W,O,T,B,L,-,-,-,-,M,,
214,Polina Malykh,-,-,2/16/2018,Home,Win,-,R,-,R,0,1,-,4,4,P,-,0,0,F,C,C,W,O,T,F,C,-,-,-,-,S,,
215,Polina Malykh,-,-,2/16/2018,Home,Win,-,R,-,R,0,1,-,4,4,P,-,0,1,S,C,C,W,O,S,F,L,-,-,-,-,S,,
216,Polina Malykh,-,-,2/16/2018,Home,Win,-,R,-,R,0,1,-,4,4,P,-,0,2,F,W,L,W,P,T,F,C,-,-,-,-,S,,
217,Polina Malykh,-,-,2/16/2018,Home,Win,-,R,-,R,0,1,-,4,4,P,-,1,2,F,B,C,W,P,T,F,L,-,-,-,-,S,,
218,Polina Malykh,-,-,2/16/2018,Home,Win,-,R,-,R,0,1,-,4,4,P,-,2,2,F,W,L,U,P,S,F,C,-,-,-,-,L,W,
219,Polina Malykh,-,-,2/16/2018,Home,Win,-,R,-,R,0,1,-,4,4,P,-,3,2,F,C,N,W,P,,,,-,-,-,-,,,
220,Polina Malykh,-,-,2/16/2018,Home,Win,-,R,-,R,0,1,-,5,4,O,-,0,0,F,B,C,U,P,T,B,C,-,-,-,-,S,N,
221,Polina Malykh,-,-,2/16/2018,Home,Win,-,R,-,R,0,1,-,5,4,O,-,1,0,F,C,L,U,P,T,B,L,-,-,-,-,S,N,
222,Polina Malykh,-,-,2/16/2018,Home,Win,-,R,-,R,0,1,-,5,4,O,-,2,0,F,B,C,W,O,T,F,C,-,-,-,-,M,,
223,Polina Malykh,-,-,2/16/2018,Home,Win,-,R,-,R,0,1,-,5,4,O,-,2,1,D,,,D,P,,,,-,-,-,-,,,
224,Polina Malykh,-,-,2/16/2018,Home,Win,-,R,-,R,0,1,-,5,4,O,-,3,1,F,B,C,U,O,T,F,C,-,-,-,-,M,N,
225,Polina Malykh,-,-,2/16/2018,Home,Win,-,R,-,R,0,1,-,5,4,O,-,3,2,F,C,L,W,P,T,F,C,-,-,-,-,S,,
